{"count":50,"results":[{"id":2,"name":"Bot","description":"Who invited this bot to the CTF and why is he speaking like that?","max_attempts":0,"value":50,"category":"Cryptography","type":"standard","state":"visible","requirements":null,"connection_info":null,"next_id":null},{"id":3,"name":"base64","description":"`base64.txt` contains the flag encoded in base64, multiple times.","max_attempts":0,"value":100,"category":"Cryptography","type":"standard","state":"visible","requirements":null,"connection_info":null,"next_id":null},{"id":4,"name":"ROTten","description":"I left my flag out on the table and went out for a couple of hours, but when I came back it was rotten and now my flag is ruined!","max_attempts":0,"value":100,"category":"Cryptography","type":"standard","state":"visible","requirements":null,"connection_info":null,"next_id":null},{"id":5,"name":"babyAES","description":"I assume you paid attention during cryptography classes?","max_attempts":0,"value":100,"category":"Cryptography","type":"standard","state":"visible","requirements":null,"connection_info":null,"next_id":null},{"id":6,"name":"babyRSA","description":"Obligatory RSA challenge. `n` is only 256 bits, you got this.","max_attempts":0,"value":150,"category":"Cryptography","type":"standard","state":"visible","requirements":null,"connection_info":null,"next_id":null},{"id":7,"name":"House Keys","description":"Dr House encrypted the flag with his public key, but he accidentally left his private key on the table.","max_attempts":0,"value":150,"category":"Cryptography","type":"standard","state":"visible","requirements":null,"connection_info":null,"next_id":null},{"id":8,"name":"Keyboard","description":"What's wrong with my keyboard?\r\n\r\nDecrypt `cipher.txt`. The last word in the file is your flag, submit it as `sunctf{word}`.","max_attempts":0,"value":200,"category":"Cryptography","type":"standard","state":"visible","requirements":null,"connection_info":null,"next_id":null},{"id":9,"name":"eyesClosed","description":" A cocky CTF player from Saitama waits for his train with a cheeky grin until a gust of wind whispers \"If you're so good at OSINT... you can do this with your eyes closed.\"\r\n \r\n Find the name of the station he is at. \\\r\n Note: The flag is the station's wikipedia title/name with spaces replaced with underscores \"\\_\". If the station is [Urawa Station](https://en.wikipedia.org/wiki/Urawa_Station), the flag will be: `sunctf{Urawa_Station}`.","max_attempts":0,"value":200,"category":"OSINT","type":"standard","state":"visible","requirements":null,"connection_info":null,"next_id":null},{"id":10,"name":"Motto","description":"What is our university's motto?\r\n\r\nFlag format: `sunctf{Motto Of The School}`.","max_attempts":0,"value":50,"category":"OSINT","type":"standard","state":"visible","requirements":null,"connection_info":null,"next_id":null},{"id":11,"name":"Promo OSINT","description":"Can you find the hidden flag in our promotion post for this CTF? \r\n","max_attempts":0,"value":100,"category":"OSINT","type":"standard","state":"visible","requirements":null,"connection_info":null,"next_id":null},{"id":12,"name":"HR Department 1","description":"Hello, you've reached SunwayCSC! Please contact Xiao for further inquiries with our team. You can reach out to him at xiaoooi123@gmail.com.","max_attempts":0,"value":50,"category":"OSINT","type":"standard","state":"visible","requirements":null,"connection_info":null,"next_id":13},{"id":13,"name":"HR Department 2","description":"A cybersecurity meetup was held at Sunway University sometime this year, but our friend Garry could not make it. I wonder what Garry is up to lately other than being a Discord moderator in a server.\r\n\r\nFlag format: `sunctf{all_lower_case}`.","max_attempts":0,"value":150,"category":"OSINT","type":"standard","state":"visible","requirements":{"prerequisites":[]},"connection_info":null,"next_id":14},{"id":14,"name":"HR Department 3","description":"What is the name of the new hangout location mentioned by Gorlock?\r\n\r\nFlag format: `sunctf{sunway_university}`.","max_attempts":0,"value":200,"category":"OSINT","type":"standard","state":"visible","requirements":{"prerequisites":[]},"connection_info":null,"next_id":15},{"id":15,"name":"HR Department 4","description":"Someone recently got certified from Skibidi Toilet Academy, I assume he will be posting it on job sites?","max_attempts":0,"value":500,"category":"OSINT","type":"standard","state":"visible","requirements":{"prerequisites":[]},"connection_info":null,"next_id":null},{"id":16,"name":"Baby Shark","description":"Something lurks within the PCAP...can you GET a closer look?","max_attempts":0,"value":100,"category":"Forensics","type":"standard","state":"visible","requirements":null,"connection_info":null,"next_id":null},{"id":17,"name":"Call of Protocols","description":"It must work, it must be secure, it should be as fast as reasonably possible, it must be modular/extensible, it must be easy to read/understand.","max_attempts":0,"value":200,"category":"Forensics","type":"standard","state":"visible","requirements":null,"connection_info":null,"next_id":null},{"id":18,"name":"Graded Reels","description":"After grading my friend's Instagram reels, I gave him the flag as a reward.","max_attempts":0,"value":150,"category":"Forensics","type":"standard","state":"visible","requirements":null,"connection_info":null,"next_id":null},{"id":19,"name":"Graduation Letter","description":"Hope my friend can see this letter so that he knows I am graduating next month.","max_attempts":0,"value":200,"category":"Forensics","type":"standard","state":"visible","requirements":null,"connection_info":null,"next_id":null},{"id":20,"name":"Lost Memories 1","description":"We managed to recover a memory dump from the compromised machine and require your analysis to obtain information about the attack. Can you identify when was the memory dump taken.\r\n\r\nFlag format: `sunctf{2020-01-01 12:00:00+00:00}`.","max_attempts":0,"value":100,"category":"Forensics","type":"standard","state":"visible","requirements":null,"connection_info":null,"next_id":21},{"id":21,"name":"Lost Memories 2","description":"What is the password of the system user?","max_attempts":0,"value":150,"category":"Forensics","type":"standard","state":"visible","requirements":{"prerequisites":[]},"connection_info":null,"next_id":22},{"id":22,"name":"Lost Memories 3","description":"The victim accidentally executed a malicious executable in the system. What was the malicious executable called, its process ID and parent process ID?\r\n\r\nFlag format: `sunctf{abc.exe_PID_PPID}`.","max_attempts":0,"value":200,"category":"Forensics","type":"standard","state":"visible","requirements":{"prerequisites":[]},"connection_info":null,"next_id":23},{"id":23,"name":"Lost Memories 4","description":"The malicious executable injected the flag into its child process, can you retrieve the flag back?","max_attempts":0,"value":300,"category":"Forensics","type":"standard","state":"visible","requirements":{"prerequisites":[]},"connection_info":null,"next_id":24},{"id":24,"name":"Lost Memories 5","description":"The victim kept his study notes somewhere in the machine. Can you recover his study notes and analyze it to make sure it is safe before handing it to him.","max_attempts":0,"value":500,"category":"Forensics","type":"standard","state":"visible","requirements":{"prerequisites":[]},"connection_info":null,"next_id":null},{"id":25,"name":"LuffySeemsBroken","description":"Have you read One Piece? I heard Luffy has a new significant Gear coming up.","max_attempts":0,"value":150,"category":"Forensics","type":"standard","state":"visible","requirements":null,"connection_info":null,"next_id":null},{"id":26,"name":"Magic Show","description":"Before my final exams, I enjoy scratching my head and tail I don't know why... Maybe my dandruff will turn into magic bytes?","max_attempts":0,"value":100,"category":"Forensics","type":"standard","state":"visible","requirements":null,"connection_info":null,"next_id":null},{"id":27,"name":"MasterFanumTax","description":"A secret code was stored in a text file on the Documents folder, can you recover it using only the MFT?","max_attempts":0,"value":100,"category":"Forensics","type":"standard","state":"visible","requirements":null,"connection_info":null,"next_id":null},{"id":28,"name":"Zelda's Phishing Pond","description":"I received a beta test for the new Zelda game from a random company, I hope it's legitimate...","max_attempts":0,"value":200,"category":"Forensics","type":"standard","state":"visible","requirements":null,"connection_info":null,"next_id":null},{"id":29,"name":"Sussy Disk 1","description":"The forensics team recently recovered a disk image from a compromised machine. Your job as an intern is to help uncover what the attacker had done to the compromised machine and what artifacts you can dig up for the final report. The attacker searched up some suspicious stuff on the Internet after infiltrating the machine, I wonder what was the attacker looking for?","max_attempts":0,"value":100,"category":"Forensics","type":"standard","state":"visible","requirements":null,"connection_info":null,"next_id":30},{"id":30,"name":"Sussy Disk 2","description":"The victim mentioned that one of his file was missing from the machine, the attacker might have deleted it.","max_attempts":0,"value":150,"category":"Forensics","type":"standard","state":"visible","requirements":{"prerequisites":[]},"connection_info":null,"next_id":31},{"id":31,"name":"Sussy Disk 3","description":"The forensics team needs to know the answers of the backup questions created by the victim. Can you retrieve them?\r\n\r\nFlag format: `sunctf{Ans1_Ans2_An3}`.","max_attempts":0,"value":300,"category":"Forensics","type":"standard","state":"visible","requirements":{"prerequisites":[]},"connection_info":null,"next_id":32},{"id":32,"name":"Sussy Disk 4","description":"The attacker attempted to access a confidential ZIP file stored in the machine somewhere. It is also known that the attacker is a fan of PowerShell.","max_attempts":0,"value":400,"category":"Forensics","type":"standard","state":"visible","requirements":{"prerequisites":[]},"connection_info":null,"next_id":33},{"id":33,"name":"Sussy Disk 5","description":"Finally, it is time to identify the malware and understand its functions. The flag has 3 parts.","max_attempts":0,"value":500,"category":"Forensics","type":"standard","state":"visible","requirements":{"prerequisites":[]},"connection_info":null,"next_id":null},{"id":34,"name":"Robots","description":"Yet another robots web challenge.","max_attempts":0,"value":100,"category":"Web","type":"dynamic_docker","state":"visible","requirements":null,"connection_info":null,"next_id":null},{"id":35,"name":"Nasi Kandar","description":"Guess the price of your *nasi kandar* to win a flag.","max_attempts":0,"value":150,"category":"Web","type":"dynamic_docker","state":"visible","requirements":null,"connection_info":null,"next_id":null},{"id":36,"name":"Ping","description":"My security friend said my uni ping project has a serious bug???","max_attempts":0,"value":200,"category":"Web","type":"dynamic_docker","state":"visible","requirements":null,"connection_info":null,"next_id":null},{"id":37,"name":"Redacted","description":"The solution to this challenge is: Read the `flag` by \\<REDACTED - this has violated our community guidelines.\\>","max_attempts":0,"value":300,"category":"Web","type":"dynamic_docker","state":"visible","requirements":null,"connection_info":null,"next_id":null},{"id":38,"name":"Schools","description":"I protected my environment keys and prevented malicious file reads from Sunway hackers!","max_attempts":0,"value":200,"category":"Web","type":"dynamic_docker","state":"visible","requirements":null,"connection_info":null,"next_id":null},{"id":39,"name":"Shopping Spree Real Fun","description":"Admins tried to disable my money glitch but I still found a way.","max_attempts":0,"value":200,"category":"Web","type":"dynamic_docker","state":"visible","requirements":null,"connection_info":null,"next_id":null},{"id":40,"name":"Sit Back and Relax","description":"Feeling tired after all those challenges? Take a break and have some coffee! Request the server to brew some coffee, probably it will dispense you the flag.","max_attempts":0,"value":100,"category":"Miscellaneous","type":"dynamic_docker","state":"visible","requirements":null,"connection_info":null,"next_id":null},{"id":41,"name":"pyLocker","description":"At Sunway campus, locker rentals offer a secure place to store your belongings. But remember, your digital valuables need protection too!\r\n\r\nNote: This is a command line challenge, use netcat: `nc <IP_ADDR> <PORT>`.","max_attempts":0,"value":300,"category":"Miscellaneous","type":"dynamic_docker","state":"visible","requirements":null,"connection_info":null,"next_id":null},{"id":42,"name":"guessTheFlag","description":"Find a way to bruteforce faster than your peers.\r\n\r\nNote: This is a command line challenge, use netcat: `nc <IP_ADDR> <PORT>`.","max_attempts":0,"value":400,"category":"Miscellaneous","type":"dynamic_docker","state":"visible","requirements":null,"connection_info":null,"next_id":null},{"id":43,"name":"Stringsme","description":"Here's a little executable file for you. Can you find the flag using the strings command?","max_attempts":0,"value":50,"category":"Reverse Engineering","type":"standard","state":"visible","requirements":null,"connection_info":null,"next_id":null},{"id":44,"name":"Password Check","description":"I hear its amazing when the famous purple stuffed worm in flap-jaw space with the tuning fork does a raw blink on Hara Kiri Rock.\r\n\r\nFlag format: `sunctf{correct_password}`.","max_attempts":0,"value":100,"category":"Reverse Engineering","type":"standard","state":"visible","requirements":null,"connection_info":null,"next_id":null},{"id":45,"name":"Packman","description":"Why does Pythonidae not pack his food before work?","max_attempts":0,"value":300,"category":"Reverse Engineering","type":"standard","state":"visible","requirements":null,"connection_info":null,"next_id":null},{"id":46,"name":"Loong","description":"Nothing to tell, take a close look at the EXE.","max_attempts":0,"value":300,"category":"Reverse Engineering","type":"standard","state":"visible","requirements":null,"connection_info":null,"next_id":null},{"id":47,"name":"1:1","description":"You need a valid key to get the flag. 'Valid' and 'correct' aren't the same thing, though...\r\nIt's recommended to use a disassembler/debugger for this challenge.\r\n\r\nNote: This is a command line challenge, use netcat: `nc <IP_ADDR> <PORT>`.","max_attempts":0,"value":200,"category":"Reverse Engineering","type":"dynamic_docker","state":"visible","requirements":null,"connection_info":null,"next_id":null},{"id":48,"name":"Primer","description":"Did you attend the CTF primer?","max_attempts":3,"value":50,"category":"Miscellaneous","type":"standard","state":"visible","requirements":null,"connection_info":null,"next_id":null},{"id":50,"name":"Data Analeaktics","description":"Exploring a massive dataset is a headache, and now you're telling me that my flag is leaked?","max_attempts":0,"value":400,"category":"Web","type":"dynamic_docker","state":"visible","requirements":null,"connection_info":null,"next_id":null},{"id":51,"name":"based","description":"![Based](https://encrypted-tbn0.gstatic.com/images?q=tbn:ANd9GcS3l3eZXpFbq4FacsDtLn3FueRWYVyzcPdiMg&s)","max_attempts":0,"value":50,"category":"Cryptography","type":"standard","state":"visible","requirements":null,"connection_info":null,"next_id":null},{"id":52,"name":"discord","description":"I left the flag somewhere... scroll alllll the way to the top ;)","max_attempts":0,"value":100,"category":"Miscellaneous","type":"standard","state":"visible","requirements":null,"connection_info":null,"next_id":null}],"meta":{}}