{"count":11,"results":[{"id":34,"memory_limit":"128m","cpu_limit":0.5,"dynamic_score":0,"docker_image":"jaredliw/sunctf_web_robots","redirect_type":"direct","redirect_port":5000},{"id":35,"memory_limit":"128m","cpu_limit":0.5,"dynamic_score":0,"docker_image":"jaredliw/sunctf_web_nasi-kandar","redirect_type":"direct","redirect_port":5002},{"id":36,"memory_limit":"128m","cpu_limit":0.5,"dynamic_score":0,"docker_image":"jaredliw/sunctf_web_ping","redirect_type":"direct","redirect_port":5006},{"id":37,"memory_limit":"128m","cpu_limit":0.5,"dynamic_score":0,"docker_image":"jaredliw/sunctf_web_redacted","redirect_type":"direct","redirect_port":5004},{"id":38,"memory_limit":"128m","cpu_limit":0.5,"dynamic_score":0,"docker_image":"jaredliw/sunctf_web_schools","redirect_type":"direct","redirect_port":5001},{"id":39,"memory_limit":"128m","cpu_limit":0.5,"dynamic_score":0,"docker_image":"jaredliw/sunctf_web_shopping-spree-real-fun","redirect_type":"direct","redirect_port":5003},{"id":40,"memory_limit":"128m","cpu_limit":0.5,"dynamic_score":0,"docker_image":"jaredliw/sunctf_misc_sit-back-and-relax","redirect_type":"direct","redirect_port":1338},{"id":41,"memory_limit":"128m","cpu_limit":0.5,"dynamic_score":0,"docker_image":"jaredliw/sunctf_misc_pylocker","redirect_type":"direct","redirect_port":1337},{"id":42,"memory_limit":"128m","cpu_limit":0.5,"dynamic_score":1,"docker_image":"jaredliw/sunctf_misc_guesstheflag","redirect_type":"direct","redirect_port":8888},{"id":47,"memory_limit":"128m","cpu_limit":0.5,"dynamic_score":0,"docker_image":"jaredliw/sunctf_rev_1-1","redirect_type":"direct","redirect_port":8889},{"id":50,"memory_limit":"128m","cpu_limit":0.5,"dynamic_score":1,"docker_image":"jaredliw/sunctf_web_data-analeaktics","redirect_type":"direct","redirect_port":5004}],"meta":{}}