{"count":11,"results":[{"id":34,"initial":100,"minimum":100,"decay":1,"function":"logarithmic"},{"id":35,"initial":150,"minimum":150,"decay":1,"function":"logarithmic"},{"id":36,"initial":200,"minimum":200,"decay":1,"function":"logarithmic"},{"id":37,"initial":300,"minimum":300,"decay":1,"function":"logarithmic"},{"id":38,"initial":200,"minimum":200,"decay":1,"function":"logarithmic"},{"id":39,"initial":200,"minimum":200,"decay":1,"function":"logarithmic"},{"id":40,"initial":100,"minimum":100,"decay":1,"function":"logarithmic"},{"id":41,"initial":300,"minimum":300,"decay":1,"function":"logarithmic"},{"id":42,"initial":400,"minimum":200,"decay":6,"function":"logarithmic"},{"id":47,"initial":200,"minimum":200,"decay":11,"function":"logarithmic"},{"id":50,"initial":400,"minimum":400,"decay":1,"function":"logarithmic"}],"meta":{}}