{"count":50,"results":[{"id":1,"type":"challenge","location":"6eb6a08d62798398389ac28f0bf08bce/flag.txt","challenge_id":2,"page_id":null,"sha1sum":"ebe828b7f2b463e8a8a71778bb5b9d1ee98e3e71"},{"id":2,"type":"challenge","location":"f457aab838974f6107612f276a4afaf4/base64.txt","challenge_id":3,"page_id":null,"sha1sum":"90adedb9c78a178876c25ae483bc5720cf8bcf56"},{"id":3,"type":"challenge","location":"7c6b46a97f146de79e171a6bcb14ca6a/rottenflag.txt","challenge_id":4,"page_id":null,"sha1sum":"e4ed7adffe08148ea4c67251e197d52089bd3212"},{"id":4,"type":"challenge","location":"4e19a7d2abc402e78cb12b4940a06b5b/babyAES.txt","challenge_id":5,"page_id":null,"sha1sum":"4f66b3900ae27618dfccf79734d0c66d3d750783"},{"id":5,"type":"challenge","location":"ba91d71dd78785d499ffd58bc1ee95e5/babyRSA.txt","challenge_id":6,"page_id":null,"sha1sum":"effe79a48f633dd82e5b26b5b27fc6a2e929d5d0"},{"id":6,"type":"challenge","location":"aeeec3d3bb7e014b65f96eacee166189/flag.txt.enc","challenge_id":7,"page_id":null,"sha1sum":"6acf86081e4942ed3f0e3af9f2a6c41ebbe1441e"},{"id":7,"type":"challenge","location":"bb2503daed2ab8a82b35bff86f7dc22d/private_key.pem","challenge_id":7,"page_id":null,"sha1sum":"3c7a82aafb4decaac73864e176becd2853391682"},{"id":8,"type":"challenge","location":"36fb21946033574715233250870c5edf/keyboard.txt","challenge_id":8,"page_id":null,"sha1sum":"eb4a3c236fc3bd9445bc2c97fe38514d6439af76"},{"id":9,"type":"challenge","location":"f08b73564175615694681f515d0025f4/babyshark.pcapng","challenge_id":16,"page_id":null,"sha1sum":"58b177b2e23986199e464e184f5252ed97f22af6"},{"id":10,"type":"challenge","location":"032b3fad2fb6a79bd7d625d6a04fffd8/call-of-protocols.pcapng","challenge_id":17,"page_id":null,"sha1sum":"0e0645b2526574fa4ec2d5755aca0abc53abb297"},{"id":11,"type":"challenge","location":"e535ed43ae7152f6de0b0cdd4fd358f1/reels.jpg","challenge_id":18,"page_id":null,"sha1sum":"4d216fe8267d117113a488d93d4957317ba8f4a3"},{"id":12,"type":"challenge","location":"fccaa8e4d6b6a4d4c5d6edc34f1ec63d/convocation.jpg","challenge_id":19,"page_id":null,"sha1sum":"85dc509cdc3dbb7a342816e4b7ddd7171fb8fb2f"},{"id":13,"type":"challenge","location":"febf90f171a2428067a026334baf4976/link.txt","challenge_id":20,"page_id":null,"sha1sum":"00292677882b79d25b64ce4ad56c18937ac3dab9"},{"id":14,"type":"challenge","location":"7e046faf60921315ff654689c5de06d0/link.txt","challenge_id":21,"page_id":null,"sha1sum":"00292677882b79d25b64ce4ad56c18937ac3dab9"},{"id":15,"type":"challenge","location":"9b781e4cd25276f9aee299526f262de5/link.txt","challenge_id":22,"page_id":null,"sha1sum":"00292677882b79d25b64ce4ad56c18937ac3dab9"},{"id":16,"type":"challenge","location":"a9e5b74ef90154314753f3c54a2e9bb8/link.txt","challenge_id":23,"page_id":null,"sha1sum":"00292677882b79d25b64ce4ad56c18937ac3dab9"},{"id":17,"type":"challenge","location":"00792dc013a1fd9625ff217a46fc074c/link.txt","challenge_id":24,"page_id":null,"sha1sum":"00292677882b79d25b64ce4ad56c18937ac3dab9"},{"id":18,"type":"challenge","location":"97b3ca3f011204aa2065d79f55dfc298/littleluffy.png","challenge_id":25,"page_id":null,"sha1sum":"bf6651e3261707b371bdfe4465de90126c6652d3"},{"id":19,"type":"challenge","location":"fcd7ed82bce3465704f39e1a29f8f3b6/flag.png","challenge_id":26,"page_id":null,"sha1sum":"dd3abe0a44c8109239548e706f766736c262d3ed"},{"id":20,"type":"challenge","location":"3b2fb2617cff1b8b39ce03d2542b1d75/ZeldaPhishingPond.zip","challenge_id":28,"page_id":null,"sha1sum":"3de1df0cb1ade1470878e008766377d6af7af82d"},{"id":21,"type":"challenge","location":"8ead6eaf223f1deafdbdea6856b43d22/link.txt","challenge_id":29,"page_id":null,"sha1sum":"af0ca61b4ab127fb133b0a25790c88dfdad12161"},{"id":22,"type":"challenge","location":"4d627b92c216e9074f534fa46eaaa51c/link.txt","challenge_id":30,"page_id":null,"sha1sum":"af0ca61b4ab127fb133b0a25790c88dfdad12161"},{"id":23,"type":"challenge","location":"a51119eef5741caf61da5e40b4e5c71f/link.txt","challenge_id":31,"page_id":null,"sha1sum":"af0ca61b4ab127fb133b0a25790c88dfdad12161"},{"id":24,"type":"challenge","location":"74d6cc69a42a23166c08920c495d823b/link.txt","challenge_id":32,"page_id":null,"sha1sum":"af0ca61b4ab127fb133b0a25790c88dfdad12161"},{"id":25,"type":"challenge","location":"b06c89d656965d023720ed2e74c2e1cb/link.txt","challenge_id":33,"page_id":null,"sha1sum":"af0ca61b4ab127fb133b0a25790c88dfdad12161"},{"id":26,"type":"challenge","location":"4da75a106d06f765526b7a193625c997/nasi-kandar.zip","challenge_id":35,"page_id":null,"sha1sum":"be749fa173993c756162a0f19108c3846d9ce088"},{"id":27,"type":"challenge","location":"c6052a12eacc88b7c304b4e5d3ee8aaa/nasi-kandar_db.sql","challenge_id":35,"page_id":null,"sha1sum":"91b8a2d821bee4fed496be45589d6313e4587a60"},{"id":28,"type":"challenge","location":"cd27369bd8a5fe93de7219320e488112/ping.zip","challenge_id":36,"page_id":null,"sha1sum":"b7d3b81accba1bfd255ffa440dd679f15b926892"},{"id":29,"type":"challenge","location":"c9eb65b4aa4fa57f15aa8348e6cfc1fc/schools.zip","challenge_id":38,"page_id":null,"sha1sum":"d743e317257b4dbfd466a700d9e06901b2f6d5ad"},{"id":30,"type":"challenge","location":"039f33cba08dccd7ba60166b84c405c3/ref.py","challenge_id":41,"page_id":null,"sha1sum":"a752e1d723518f027584e40ac405e4278ca0a337"},{"id":31,"type":"challenge","location":"bc260b4884feee065be0624737579bd5/source.sh","challenge_id":42,"page_id":null,"sha1sum":"b1e201bb998572057c4d842cb91ae0418c16fcd2"},{"id":32,"type":"challenge","location":"fd5420af67a6d854afb5dd86bfb7eb69/stringsme.exe","challenge_id":43,"page_id":null,"sha1sum":"442b4aa2e502a5e9d4fe2c800b5d06bee5c79d2f"},{"id":33,"type":"challenge","location":"df15721e07554d55201d9f4ddc88ae1d/password_check.exe","challenge_id":44,"page_id":null,"sha1sum":"3c177eb58c5ed623de52c1ba167db8ff02319fcf"},{"id":34,"type":"challenge","location":"d38ae5039cf95f1ba168052b30b45ae6/loong.exe","challenge_id":46,"page_id":null,"sha1sum":"1131bbf48ee381816512e37ed1a3310d74f84e6c"},{"id":35,"type":"challenge","location":"b32e2bed5df5577604bae62126569ae7/crackme.exe","challenge_id":47,"page_id":null,"sha1sum":"b4c063d9bcaa081b842cc6eb7e517613d349b601"},{"id":36,"type":"challenge","location":"cef639da6c6dbe3d17b8ef8e5f0a838c/app.js","challenge_id":50,"page_id":null,"sha1sum":"6a20eb229f10b2519e33308d9622269bdc6da997"},{"id":37,"type":"challenge","location":"0f18b3a511ebf2afa93dfc4dc4c0b71e/hint.txt","challenge_id":50,"page_id":null,"sha1sum":"927785755057a12dc2a7a6a38f3db1c6137619b1"},{"id":38,"type":"standard","location":"85aaa0e071565aa7ec6c76dfee261555/Club_Logo_vFinal.jpeg","challenge_id":null,"page_id":null,"sha1sum":"55ef026484507f09b9b3a3ed92ebe9c2fdb59cd3"},{"id":39,"type":"standard","location":"b855f0b3f2508fa255955037aef1f9ca/Club_Logo_vFinal.jpeg","challenge_id":null,"page_id":null,"sha1sum":"55ef026484507f09b9b3a3ed92ebe9c2fdb59cd3"},{"id":40,"type":"challenge","location":"29acd3e7a5dd74cbfa625ed91b17eca5/MasterFanumTax.zip","challenge_id":27,"page_id":null,"sha1sum":"f1ab80e18d4abdb555e47531721e036bd207710c"},{"id":41,"type":"standard","location":"6d898e95792d7a6c4d8fb84d762a458b/width_800.jpg","challenge_id":null,"page_id":null,"sha1sum":"e39ba06a28b4f9bbaca11a53f19ca5be480fce19"},{"id":42,"type":"page","location":"50a549397468678b0287ed4548f4fced/width_800.jpg","challenge_id":null,"page_id":null,"sha1sum":"e39ba06a28b4f9bbaca11a53f19ca5be480fce19"},{"id":43,"type":"page","location":"09cdfd06451a8ba08bf163e8074cef3a/Glocomp_Logo_Full_Color_17cm.png","challenge_id":null,"page_id":null,"sha1sum":"8df2c457921decf6894f2f9c4a65faabdb8b8475"},{"id":46,"type":"page","location":"b410e7e5e5b1f9728fd69106e1f72bac/MicrosoftTeams-image_9.png","challenge_id":null,"page_id":null,"sha1sum":"9bc132abfaf3fa0b009e35a30cc334ffa0d3ba75"},{"id":47,"type":"page","location":"fc8cea6adf11495db61bca8c512dc23c/SunCTF_logo.png","challenge_id":null,"page_id":null,"sha1sum":"d36d93d380a34fb38119f9572aa93d5ef387f172"},{"id":48,"type":"challenge","location":"c5bd024495ea7f8cdd6c6dca35a26548/flag.txt","challenge_id":51,"page_id":null,"sha1sum":"b3b0280ab59d4cfc2ad372deeb8e1c7aa357bfbb"},{"id":49,"type":"challenge","location":"5f233a2d3b2bfeac02ecef48d8c0518b/eyesClosed.mp4","challenge_id":9,"page_id":null,"sha1sum":"70f2fdd4732a8369341b52c6c323ed018f33e80d"},{"id":50,"type":"challenge","location":"4fcd8fa77af3179eec7ebff096d63750/packman.exe","challenge_id":45,"page_id":null,"sha1sum":"2b4c4153abd24c853ac513f6bda2c040f785bd58"},{"id":51,"type":"challenge","location":"f7dafb5155bf04d09c526fbb4449ed06/decompiled.c","challenge_id":47,"page_id":null,"sha1sum":"943528c8fb1a26c6da4fd4a912205846e8f7d8ea"},{"id":52,"type":"challenge","location":"bf403272be547b7e73cf7eaa3d8098f0/decompiled.cpp","challenge_id":46,"page_id":null,"sha1sum":"8e9c2e387a91168037a2809e6e19e68d968f2a43"}],"meta":{}}