{"count":50,"results":[{"id":2,"challenge_id":2,"type":"static","content":"sunctf{mR_r0b0t_1s_a_r0b0t?!}","data":""},{"id":3,"challenge_id":3,"type":"static","content":"sunctf{did_you_script_this?}","data":""},{"id":4,"challenge_id":4,"type":"static","content":"sunctf{f14gs_d0nt_r0t}","data":""},{"id":5,"challenge_id":5,"type":"static","content":"sunctf{l34rn_y0ur_AES_b4s1cs_1n_cl4ss}","data":""},{"id":6,"challenge_id":6,"type":"static","content":"sunctf{did_you_listen_in_class?}","data":""},{"id":7,"challenge_id":7,"type":"static","content":"sunctf{d0ct0r_h0us3_l0st_h1s_k3ys}","data":""},{"id":8,"challenge_id":8,"type":"static","content":"sunctf{nowiknowmyabc}","data":""},{"id":9,"challenge_id":9,"type":"static","content":"sunctf{Kita-Ageo_Station}","data":""},{"id":10,"challenge_id":10,"type":"static","content":"sunctf{Fortuna Eruditis Favet}","data":""},{"id":11,"challenge_id":11,"type":"static","content":"sunctf{b4z1ng4}","data":""},{"id":12,"challenge_id":12,"type":"static","content":"sunctf{the_c00l_yaksha}","data":""},{"id":13,"challenge_id":13,"type":"static","content":"sunctf{wizard_of_legends}","data":""},{"id":14,"challenge_id":14,"type":"static","content":"sunctf{piccoli_lotti}","data":""},{"id":15,"challenge_id":15,"type":"static","content":"sunctf{b0nus_0s1nt_4_y0u!}","data":""},{"id":16,"challenge_id":16,"type":"static","content":"sunctf{baby_shark_doo_doo}","data":""},{"id":17,"challenge_id":17,"type":"static","content":"sunctf{tls_and_ssl_are_brothers}","data":""},{"id":18,"challenge_id":18,"type":"static","content":"sunctf{cr0pped_1nst4gr4m_ch4t_jpg}","data":""},{"id":19,"challenge_id":19,"type":"static","content":"sunctf{leaRn_y0uR_stegan0}","data":""},{"id":20,"challenge_id":20,"type":"static","content":"sunctf{2024-09-10 13:58:14+00:00}","data":""},{"id":21,"challenge_id":21,"type":"static","content":"sunctf{love_sunway}","data":""},{"id":22,"challenge_id":22,"type":"static","content":"sunctf{inject0r.exe_5904_7780}","data":""},{"id":23,"challenge_id":23,"type":"static","content":"sunctf{v0latility_is_l0v3}","data":""},{"id":24,"challenge_id":24,"type":"static","content":"sunctf{vba_macros_are_dangerous}","data":""},{"id":25,"challenge_id":25,"type":"static","content":"sunctf{lsb_and_pixels}","data":""},{"id":26,"challenge_id":26,"type":"static","content":"sunctf{h1dd3n_1n_pla1n_s1ght}","data":""},{"id":27,"challenge_id":27,"type":"static","content":"sunctf{b4s1cs_0f_mft}","data":""},{"id":28,"challenge_id":28,"type":"static","content":"sunctf{f4k3_L3gends_0f_lnk_and_Zelda_g4m3?!}","data":""},{"id":29,"challenge_id":29,"type":"static","content":"sunctf{g00gle_the_g0at}","data":""},{"id":30,"challenge_id":30,"type":"static","content":"sunctf{remember_your_handles}","data":""},{"id":31,"challenge_id":31,"type":"static","content":"sunctf{Wowiee_SuperTsumu_Shen}","data":""},{"id":32,"challenge_id":32,"type":"static","content":"sunctf{powershell_is_my_favourite_language}","data":""},{"id":33,"challenge_id":33,"type":"static","content":"sunctf{malware_analysis_is_not_that_hard}","data":""},{"id":34,"challenge_id":34,"type":"static","content":"sunctf{rAndom_is_n0t_truly_rand0m}","data":""},{"id":35,"challenge_id":35,"type":"static","content":"sunctf{mySQL_is_insensItive_strict_is_the_B3st}","data":""},{"id":36,"challenge_id":36,"type":"static","content":"sunctf{R3ad_doc5_d0nt_blindlY_c0PY}","data":""},{"id":37,"challenge_id":37,"type":"static","content":"sunctf{wh0_c4m3_up_w17h_7h15_8r1ll14n7_f347ur3}","data":""},{"id":38,"challenge_id":38,"type":"static","content":"sunctf{ea5h_pr0cess_ha5_1ts_oWn_PID}","data":""},{"id":39,"challenge_id":39,"type":"static","content":"sunctf{uNLimited_moNey_iS_so_C00l}","data":""},{"id":40,"challenge_id":40,"type":"static","content":"sunctf{n3v3r_8r3W_c0ff33_1n_4_734p07}","data":""},{"id":41,"challenge_id":41,"type":"static","content":"sunctf{m4Rv3l0u5_pY7h0N_5Ki115}","data":""},{"id":42,"challenge_id":42,"type":"static","content":"sunctf{c4n7_7h1nk_0f_fl46_n4m35}","data":""},{"id":43,"challenge_id":43,"type":"static","content":"sunctf{us3str1ng5}","data":""},{"id":44,"challenge_id":44,"type":"static","content":"sunctf{ineedscissors61}","data":""},{"id":45,"challenge_id":45,"type":"static","content":"sunctf{Pyth0n_fr0m_zZz_0r_c0de}","data":""},{"id":46,"challenge_id":46,"type":"static","content":"sunctf{g00d_St4rT1ng_w1tH_x0RRR}","data":""},{"id":47,"challenge_id":47,"type":"static","content":"sunctf{not_the_only_1}","data":""},{"id":48,"challenge_id":48,"type":"static","content":"sunctf{th4nks4c0ming}","data":""},{"id":50,"challenge_id":50,"type":"static","content":"sunctf{1nJ3c7ion_1n_0rd3R_bY_cL@Us3}","data":""},{"id":51,"challenge_id":51,"type":"static","content":"sunctf{based_on_deez_nutz}","data":""},{"id":52,"challenge_id":52,"type":"static","content":"sunctf{h0pe_u_r3ad_this}","data":""}],"meta":{}}