{"count":12,"results":[{"id":2,"title":"Good Luck, Hackers!","content":"atb and enjoy!\r\n\r\n(Btw, you can always raise your hand and ask for hints. DM us if you face any issues.)","date":"2024-10-05T02:00:03.270557","user_id":null,"team_id":null},{"id":3,"title":"Wifi password","content":"SL9-03\r\nPassword: batupahat@903\r\nuse this for challenges involving instances. you may use your phone data as well.","date":"2024-10-05T02:03:20.281966","user_id":null,"team_id":null},{"id":4,"title":"Keyboard Challenge","content":"`cipher.txt` is written in plain English.","date":"2024-10-05T03:10:07.010550","user_id":null,"team_id":null},{"id":5,"title":"New chall released!","content":"Get it solved before anyone else to get the highest score!","date":"2024-10-05T04:05:34.556578","user_id":null,"team_id":null},{"id":6,"title":"Two challs released!","content":"crypto - house keys\r\nforensics - call of protocols\r\n","date":"2024-10-05T06:50:13.551702","user_id":null,"team_id":null},{"id":7,"title":"Hints for nasi-kandar","content":"- first part\r\nthe only user is admin:admin\r\nnothing else, no injection\r\n- second part\r\nloose comparison\r\nedit cookies\r\nno brute force","date":"2024-10-05T07:08:06.240536","user_id":null,"team_id":null},{"id":8,"title":"hints for schools","content":"- path traversal\r\n- read flag from environment variables","date":"2024-10-05T07:08:30.458413","user_id":null,"team_id":null},{"id":11,"title":"hints for redacted","content":"it is about a php deprecated function, related to regex\r\nread flag from file (injection)","date":"2024-10-05T07:09:35.227927","user_id":null,"team_id":null},{"id":12,"title":"another hint for nasi-kandar","content":"set the cookie to a literal.\r\ndo you know what a literal is?","date":"2024-10-05T07:10:24.393323","user_id":null,"team_id":null},{"id":13,"title":"Hint for shopping spree","content":"Related: Server Side Request Forgery (SSRF), Business Logic Flaw\r\ntrick the server to register you as an invited user","date":"2024-10-05T07:19:54.179653","user_id":null,"team_id":null},{"id":14,"title":"Hints for data analeaktics","content":"SQL injection in order by clause\r\nonly A-Z, a-z, 0-9, (, ) and at most one space allowed\r\nyou need to write script\r\nflag in in another table in db, as you can see from the attachments\r\nit is a character by character guessing, you wont see the flag","date":"2024-10-05T07:21:27.218929","user_id":null,"team_id":null},{"id":15,"title":"hints for pylocker","content":"a python knowledge test\r\nlearn your OOP well\r\nrelated to dunder methods (__init__ is an example of dunder methods)\r\nand also operator overloading","date":"2024-10-05T07:25:43.207715","user_id":null,"team_id":null}],"meta":{}}