{"count":2,"results":[{"id":1,"title":"SunCTF","route":"index","content":"<div class=\"row\">\r\n      <div class=\"col-md-6 offset-md-3\">\r\n          <img class=\"w-100 mx-auto d-block\" style=\"max-width: 500px;padding-left: 50px;padding-right: 50px;padding-top: 4vh;\" src=\"/files/fc8cea6adf11495db61bca8c512dc23c/SunCTF_logo.png\" />\r\n  </div>\r\n</div>\r\n  \r\n<div class=\"row d-flex flex-row align-items-center mt-3 mb-5\">\r\n  <div class=\"col-md-6 mb-3\">\r\n    <img class=\"w-100 mx-auto d-block\" style=\"max-width: 220px;\" src=\"/files/b410e7e5e5b1f9728fd69106e1f72bac/MicrosoftTeams-image_9.png\" />\r\n  </div>\r\n  <div class=\"col-md-6 mb-3\">\r\n    <img class=\"w-100 mx-auto d-block\" style=\"max-width: 180px;\" src=\"/files/09cdfd06451a8ba08bf163e8074cef3a/Glocomp_Logo_Full_Color_17cm.png\" />\r\n  </div>  \r\n</div>\r\n \r\n<h1 class=\"c14 my-3 col-md-6 offset-md-3\">\r\n  Competition ends in: <span id=\"demo\">0d 0h 0m 0s</span>\r\n</h1>\r\n\r\n<script>\r\n  // Set the date we're counting down to\r\n  var countDownDate = new Date(\"{{ ctf_end }}\").getTime();\r\n\r\n  // Update the count down every 1 second\r\n  var x = setInterval(function () {\r\n    // Get today's date and time\r\n    var now = new Date().getTime();\r\n\r\n    // Find the distance between now and the count down date\r\n    var distance = countDownDate - now;\r\n\r\n    // Time calculations for days, hours, minutes and seconds\r\n    var days = Math.floor(distance / (1000 * 60 * 60 * 24));\r\n    var hours = Math.floor(\r\n      (distance % (1000 * 60 * 60 * 24)) / (1000 * 60 * 60)\r\n    );\r\n    var minutes = Math.floor((distance % (1000 * 60 * 60)) / (1000 * 60));\r\n    var seconds = Math.floor((distance % (1000 * 60)) / 1000);\r\n\r\n    // Display the result in the element with id=\"demo\"\r\n    document.getElementById(\"demo\").innerHTML =\r\n      days + \"d \" + hours + \"h \" + minutes + \"m \" + seconds + \"s \";\r\n\r\n    // If the count down is finished, write some text\r\n    if (distance < 0) {\r\n      clearInterval(x);\r\n      document.getElementById(\"demo\").innerHTML = \"ENDED\";\r\n    }\r\n  }, 1000);\r\n</script>\r\n\r\n<style type=\"text/css\">.lst-kix_nz6vytbls7xl-2>li{counter-increment:lst-ctn-kix_nz6vytbls7xl-2}.lst-kix_8l2gwkncp69z-1>li{counter-increment:lst-ctn-kix_8l2gwkncp69z-1}ol.lst-kix_8l2gwkncp69z-3.start{counter-reset:lst-ctn-kix_8l2gwkncp69z-3 0}ol.lst-kix_81wvwly7cafl-8{list-style-type:none}.lst-kix_qosp76e74x4k-4>li{counter-increment:lst-ctn-kix_qosp76e74x4k-4}ol.lst-kix_nz6vytbls7xl-4.start{counter-reset:lst-ctn-kix_nz6vytbls7xl-4 0}.lst-kix_81wvwly7cafl-5>li{counter-increment:lst-ctn-kix_81wvwly7cafl-5}ol.lst-kix_81wvwly7cafl-2.start{counter-reset:lst-ctn-kix_81wvwly7cafl-2 0}.lst-kix_ue36lp3umdox-8>li:before{content:\"-  \"}ol.lst-kix_nz6vytbls7xl-7.start{counter-reset:lst-ctn-kix_nz6vytbls7xl-7 0}ol.lst-kix_8l2gwkncp69z-0.start{counter-reset:lst-ctn-kix_8l2gwkncp69z-0 0}.lst-kix_nz6vytbls7xl-1>li{counter-increment:lst-ctn-kix_nz6vytbls7xl-1}ol.lst-kix_81wvwly7cafl-3{list-style-type:none}.lst-kix_qosp76e74x4k-8>li:before{content:\"\" counter(lst-ctn-kix_qosp76e74x4k-8,lower-roman) \". \"}ol.lst-kix_81wvwly7cafl-2{list-style-type:none}ol.lst-kix_81wvwly7cafl-1{list-style-type:none}.lst-kix_qosp76e74x4k-3>li{counter-increment:lst-ctn-kix_qosp76e74x4k-3}.lst-kix_qosp76e74x4k-7>li:before{content:\"\" counter(lst-ctn-kix_qosp76e74x4k-7,lower-latin) \". \"}ol.lst-kix_81wvwly7cafl-0{list-style-type:none}.lst-kix_81wvwly7cafl-4>li{counter-increment:lst-ctn-kix_81wvwly7cafl-4}ol.lst-kix_81wvwly7cafl-7{list-style-type:none}ol.lst-kix_81wvwly7cafl-6{list-style-type:none}.lst-kix_qosp76e74x4k-6>li:before{content:\"\" counter(lst-ctn-kix_qosp76e74x4k-6,decimal) \". \"}ol.lst-kix_81wvwly7cafl-5{list-style-type:none}ol.lst-kix_81wvwly7cafl-4{list-style-type:none}.lst-kix_81wvwly7cafl-6>li{counter-increment:lst-ctn-kix_81wvwly7cafl-6}ol.lst-kix_nz6vytbls7xl-7{list-style-type:none}ol.lst-kix_nz6vytbls7xl-6{list-style-type:none}.lst-kix_qosp76e74x4k-4>li:before{content:\"\" counter(lst-ctn-kix_qosp76e74x4k-4,lower-latin) \". \"}.lst-kix_qosp76e74x4k-5>li:before{content:\"\" counter(lst-ctn-kix_qosp76e74x4k-5,lower-roman) \". \"}.lst-kix_81wvwly7cafl-3>li{counter-increment:lst-ctn-kix_81wvwly7cafl-3}ol.lst-kix_nz6vytbls7xl-8{list-style-type:none}ol.lst-kix_qosp76e74x4k-7.start{counter-reset:lst-ctn-kix_qosp76e74x4k-7 0}.lst-kix_qosp76e74x4k-1>li:before{content:\"\" counter(lst-ctn-kix_qosp76e74x4k-1,lower-latin) \". \"}ol.lst-kix_nz6vytbls7xl-1{list-style-type:none}.lst-kix_8l2gwkncp69z-0>li{counter-increment:lst-ctn-kix_8l2gwkncp69z-0}ol.lst-kix_nz6vytbls7xl-0{list-style-type:none}ol.lst-kix_81wvwly7cafl-7.start{counter-reset:lst-ctn-kix_81wvwly7cafl-7 0}ol.lst-kix_nz6vytbls7xl-3{list-style-type:none}ol.lst-kix_nz6vytbls7xl-2{list-style-type:none}.lst-kix_qosp76e74x4k-2>li:before{content:\"\" counter(lst-ctn-kix_qosp76e74x4k-2,lower-roman) \". \"}.lst-kix_qosp76e74x4k-3>li:before{content:\"\" counter(lst-ctn-kix_qosp76e74x4k-3,decimal) \". \"}.lst-kix_nz6vytbls7xl-3>li{counter-increment:lst-ctn-kix_nz6vytbls7xl-3}ol.lst-kix_nz6vytbls7xl-5{list-style-type:none}ol.lst-kix_nz6vytbls7xl-4{list-style-type:none}.lst-kix_qosp76e74x4k-5>li{counter-increment:lst-ctn-kix_qosp76e74x4k-5}.lst-kix_8l2gwkncp69z-3>li{counter-increment:lst-ctn-kix_8l2gwkncp69z-3}ol.lst-kix_8l2gwkncp69z-6.start{counter-reset:lst-ctn-kix_8l2gwkncp69z-6 0}.lst-kix_qosp76e74x4k-0>li:before{content:\"\" counter(lst-ctn-kix_qosp76e74x4k-0,decimal) \". \"}ol.lst-kix_81wvwly7cafl-4.start{counter-reset:lst-ctn-kix_81wvwly7cafl-4 0}ol.lst-kix_nz6vytbls7xl-1.start{counter-reset:lst-ctn-kix_nz6vytbls7xl-1 0}ol.lst-kix_qosp76e74x4k-4{list-style-type:none}ol.lst-kix_qosp76e74x4k-5{list-style-type:none}.lst-kix_8l2gwkncp69z-4>li{counter-increment:lst-ctn-kix_8l2gwkncp69z-4}ol.lst-kix_qosp76e74x4k-6{list-style-type:none}ol.lst-kix_qosp76e74x4k-7{list-style-type:none}.lst-kix_qosp76e74x4k-7>li{counter-increment:lst-ctn-kix_qosp76e74x4k-7}ol.lst-kix_qosp76e74x4k-0{list-style-type:none}ol.lst-kix_qosp76e74x4k-1{list-style-type:none}.lst-kix_nz6vytbls7xl-5>li{counter-increment:lst-ctn-kix_nz6vytbls7xl-5}ol.lst-kix_qosp76e74x4k-2{list-style-type:none}ol.lst-kix_qosp76e74x4k-3{list-style-type:none}ol.lst-kix_qosp76e74x4k-8{list-style-type:none}.lst-kix_81wvwly7cafl-8>li{counter-increment:lst-ctn-kix_81wvwly7cafl-8}ol.lst-kix_81wvwly7cafl-8.start{counter-reset:lst-ctn-kix_81wvwly7cafl-8 0}ol.lst-kix_nz6vytbls7xl-5.start{counter-reset:lst-ctn-kix_nz6vytbls7xl-5 0}ol.lst-kix_qosp76e74x4k-4.start{counter-reset:lst-ctn-kix_qosp76e74x4k-4 0}ol.lst-kix_8l2gwkncp69z-5.start{counter-reset:lst-ctn-kix_8l2gwkncp69z-5 0}ol.lst-kix_8l2gwkncp69z-8{list-style-type:none}ol.lst-kix_8l2gwkncp69z-7{list-style-type:none}ol.lst-kix_8l2gwkncp69z-6{list-style-type:none}ol.lst-kix_8l2gwkncp69z-4.start{counter-reset:lst-ctn-kix_8l2gwkncp69z-4 0}ul.lst-kix_ue36lp3umdox-8{list-style-type:none}ol.lst-kix_8l2gwkncp69z-1{list-style-type:none}ol.lst-kix_81wvwly7cafl-3.start{counter-reset:lst-ctn-kix_81wvwly7cafl-3 0}ol.lst-kix_8l2gwkncp69z-0{list-style-type:none}ol.lst-kix_8l2gwkncp69z-5{list-style-type:none}ol.lst-kix_8l2gwkncp69z-4{list-style-type:none}ol.lst-kix_8l2gwkncp69z-3{list-style-type:none}ol.lst-kix_8l2gwkncp69z-2{list-style-type:none}ol.lst-kix_qosp76e74x4k-5.start{counter-reset:lst-ctn-kix_qosp76e74x4k-5 0}ol.lst-kix_nz6vytbls7xl-6.start{counter-reset:lst-ctn-kix_nz6vytbls7xl-6 0}.lst-kix_81wvwly7cafl-2>li{counter-increment:lst-ctn-kix_81wvwly7cafl-2}.lst-kix_qosp76e74x4k-1>li{counter-increment:lst-ctn-kix_qosp76e74x4k-1}.lst-kix_81wvwly7cafl-0>li:before{content:\"\" counter(lst-ctn-kix_81wvwly7cafl-0,decimal) \". \"}.lst-kix_81wvwly7cafl-1>li:before{content:\"\" counter(lst-ctn-kix_81wvwly7cafl-1,lower-latin) \". \"}.lst-kix_nz6vytbls7xl-8>li{counter-increment:lst-ctn-kix_nz6vytbls7xl-8}.lst-kix_81wvwly7cafl-2>li:before{content:\"\" counter(lst-ctn-kix_81wvwly7cafl-2,lower-roman) \". \"}.lst-kix_81wvwly7cafl-3>li:before{content:\"\" counter(lst-ctn-kix_81wvwly7cafl-3,decimal) \". \"}.lst-kix_8l2gwkncp69z-7>li{counter-increment:lst-ctn-kix_8l2gwkncp69z-7}.lst-kix_nz6vytbls7xl-6>li:before{content:\"\" counter(lst-ctn-kix_nz6vytbls7xl-6,decimal) \". \"}ol.lst-kix_qosp76e74x4k-3.start{counter-reset:lst-ctn-kix_qosp76e74x4k-3 0}.lst-kix_81wvwly7cafl-4>li:before{content:\"\" counter(lst-ctn-kix_81wvwly7cafl-4,lower-latin) \". \"}.lst-kix_81wvwly7cafl-5>li:before{content:\"\" counter(lst-ctn-kix_81wvwly7cafl-5,lower-roman) \". \"}ol.lst-kix_81wvwly7cafl-6.start{counter-reset:lst-ctn-kix_81wvwly7cafl-6 0}.lst-kix_nz6vytbls7xl-5>li:before{content:\"\" counter(lst-ctn-kix_nz6vytbls7xl-5,lower-roman) \". \"}ol.lst-kix_qosp76e74x4k-6.start{counter-reset:lst-ctn-kix_qosp76e74x4k-6 0}.lst-kix_nz6vytbls7xl-4>li:before{content:\"\" counter(lst-ctn-kix_nz6vytbls7xl-4,lower-latin) \". \"}.lst-kix_81wvwly7cafl-8>li:before{content:\"\" counter(lst-ctn-kix_81wvwly7cafl-8,lower-roman) \". \"}ol.lst-kix_nz6vytbls7xl-0.start{counter-reset:lst-ctn-kix_nz6vytbls7xl-0 0}.lst-kix_nz6vytbls7xl-1>li:before{content:\"\" counter(lst-ctn-kix_nz6vytbls7xl-1,lower-latin) \". \"}.lst-kix_nz6vytbls7xl-3>li:before{content:\"\" counter(lst-ctn-kix_nz6vytbls7xl-3,decimal) \". \"}.lst-kix_81wvwly7cafl-6>li:before{content:\"\" counter(lst-ctn-kix_81wvwly7cafl-6,decimal) \". \"}.lst-kix_81wvwly7cafl-7>li:before{content:\"\" counter(lst-ctn-kix_81wvwly7cafl-7,lower-latin) \". \"}.lst-kix_nz6vytbls7xl-2>li:before{content:\"\" counter(lst-ctn-kix_nz6vytbls7xl-2,lower-roman) \". \"}ul.lst-kix_ue36lp3umdox-7{list-style-type:none}ul.lst-kix_ue36lp3umdox-6{list-style-type:none}ul.lst-kix_ue36lp3umdox-5{list-style-type:none}ul.lst-kix_ue36lp3umdox-4{list-style-type:none}ul.lst-kix_ue36lp3umdox-3{list-style-type:none}ul.lst-kix_ue36lp3umdox-2{list-style-type:none}ul.lst-kix_ue36lp3umdox-1{list-style-type:none}ul.lst-kix_ue36lp3umdox-0{list-style-type:none}.lst-kix_nz6vytbls7xl-0>li:before{content:\"\" counter(lst-ctn-kix_nz6vytbls7xl-0,decimal) \". \"}.lst-kix_nz6vytbls7xl-7>li{counter-increment:lst-ctn-kix_nz6vytbls7xl-7}.lst-kix_8l2gwkncp69z-3>li:before{content:\"\" counter(lst-ctn-kix_8l2gwkncp69z-3,decimal) \". \"}.lst-kix_8l2gwkncp69z-2>li:before{content:\"\" counter(lst-ctn-kix_8l2gwkncp69z-2,lower-roman) \". \"}.lst-kix_8l2gwkncp69z-4>li:before{content:\"\" counter(lst-ctn-kix_8l2gwkncp69z-4,lower-latin) \". \"}.lst-kix_qosp76e74x4k-0>li{counter-increment:lst-ctn-kix_qosp76e74x4k-0}ol.lst-kix_nz6vytbls7xl-8.start{counter-reset:lst-ctn-kix_nz6vytbls7xl-8 0}ol.lst-kix_8l2gwkncp69z-2.start{counter-reset:lst-ctn-kix_8l2gwkncp69z-2 0}.lst-kix_8l2gwkncp69z-7>li:before{content:\"\" counter(lst-ctn-kix_8l2gwkncp69z-7,lower-latin) \". \"}.lst-kix_8l2gwkncp69z-0>li:before{content:\"\" counter(lst-ctn-kix_8l2gwkncp69z-0,decimal) \". \"}.lst-kix_nz6vytbls7xl-6>li{counter-increment:lst-ctn-kix_nz6vytbls7xl-6}.lst-kix_81wvwly7cafl-0>li{counter-increment:lst-ctn-kix_81wvwly7cafl-0}.lst-kix_8l2gwkncp69z-1>li:before{content:\"\" counter(lst-ctn-kix_8l2gwkncp69z-1,lower-latin) \". \"}.lst-kix_8l2gwkncp69z-8>li:before{content:\"\" counter(lst-ctn-kix_8l2gwkncp69z-8,lower-roman) \". \"}ol.lst-kix_81wvwly7cafl-1.start{counter-reset:lst-ctn-kix_81wvwly7cafl-1 0}.lst-kix_qosp76e74x4k-8>li{counter-increment:lst-ctn-kix_qosp76e74x4k-8}ol.lst-kix_qosp76e74x4k-0.start{counter-reset:lst-ctn-kix_qosp76e74x4k-0 0}.lst-kix_8l2gwkncp69z-6>li:before{content:\"\" counter(lst-ctn-kix_8l2gwkncp69z-6,decimal) \". \"}.lst-kix_8l2gwkncp69z-5>li:before{content:\"\" counter(lst-ctn-kix_8l2gwkncp69z-5,lower-roman) \". \"}.lst-kix_8l2gwkncp69z-6>li{counter-increment:lst-ctn-kix_8l2gwkncp69z-6}ol.lst-kix_qosp76e74x4k-8.start{counter-reset:lst-ctn-kix_qosp76e74x4k-8 0}ol.lst-kix_qosp76e74x4k-1.start{counter-reset:lst-ctn-kix_qosp76e74x4k-1 0}ol.lst-kix_nz6vytbls7xl-2.start{counter-reset:lst-ctn-kix_nz6vytbls7xl-2 0}ol.lst-kix_8l2gwkncp69z-8.start{counter-reset:lst-ctn-kix_8l2gwkncp69z-8 0}.lst-kix_qosp76e74x4k-2>li{counter-increment:lst-ctn-kix_qosp76e74x4k-2}.lst-kix_81wvwly7cafl-1>li{counter-increment:lst-ctn-kix_81wvwly7cafl-1}.lst-kix_nz6vytbls7xl-0>li{counter-increment:lst-ctn-kix_nz6vytbls7xl-0}.lst-kix_nz6vytbls7xl-4>li{counter-increment:lst-ctn-kix_nz6vytbls7xl-4}ol.lst-kix_81wvwly7cafl-0.start{counter-reset:lst-ctn-kix_81wvwly7cafl-0 0}.lst-kix_81wvwly7cafl-7>li{counter-increment:lst-ctn-kix_81wvwly7cafl-7}.lst-kix_qosp76e74x4k-6>li{counter-increment:lst-ctn-kix_qosp76e74x4k-6}.lst-kix_ue36lp3umdox-0>li:before{content:\"-  \"}.lst-kix_ue36lp3umdox-1>li:before{content:\"-  \"}ol.lst-kix_81wvwly7cafl-5.start{counter-reset:lst-ctn-kix_81wvwly7cafl-5 0}.lst-kix_ue36lp3umdox-2>li:before{content:\"-  \"}.lst-kix_8l2gwkncp69z-5>li{counter-increment:lst-ctn-kix_8l2gwkncp69z-5}.lst-kix_8l2gwkncp69z-8>li{counter-increment:lst-ctn-kix_8l2gwkncp69z-8}.lst-kix_8l2gwkncp69z-2>li{counter-increment:lst-ctn-kix_8l2gwkncp69z-2}ol.lst-kix_8l2gwkncp69z-7.start{counter-reset:lst-ctn-kix_8l2gwkncp69z-7 0}.lst-kix_ue36lp3umdox-7>li:before{content:\"-  \"}li.li-bullet-0:before{margin-left:-18pt;white-space:nowrap;display:inline-block;min-width:18pt}ol.lst-kix_qosp76e74x4k-2.start{counter-reset:lst-ctn-kix_qosp76e74x4k-2 0}ol.lst-kix_nz6vytbls7xl-3.start{counter-reset:lst-ctn-kix_nz6vytbls7xl-3 0}.lst-kix_ue36lp3umdox-6>li:before{content:\"-  \"}.lst-kix_ue36lp3umdox-4>li:before{content:\"-  \"}.lst-kix_ue36lp3umdox-5>li:before{content:\"-  \"}.lst-kix_nz6vytbls7xl-7>li:before{content:\"\" counter(lst-ctn-kix_nz6vytbls7xl-7,lower-latin) \". \"}ol.lst-kix_8l2gwkncp69z-1.start{counter-reset:lst-ctn-kix_8l2gwkncp69z-1 0}.lst-kix_ue36lp3umdox-3>li:before{content:\"-  \"}.lst-kix_nz6vytbls7xl-8>li:before{content:\"\" counter(lst-ctn-kix_nz6vytbls7xl-8,lower-roman) \". \"}ol{margin:0;padding:0}table td,table th{padding:0}.c15{border-right-style:solid;padding:5pt 5pt 5pt 5pt;border-top-width:1.5pt;border-right-width:1.5pt;vertical-align:top;border-left-width:1.5pt;border-top-style:solid;border-left-style:solid;border-bottom-width:1.5pt;width:190.5pt;border-bottom-style:solid}.c16{border-right-style:solid;padding:5pt 5pt 5pt 5pt;border-top-width:1.5pt;border-right-width:1.5pt;vertical-align:top;border-left-width:1.5pt;border-top-style:solid;border-left-style:solid;border-bottom-width:1.5pt;width:80.2pt;border-bottom-style:solid}.c23{-webkit-text-decoration-skip:none;font-weight:400;text-decoration:underline;vertical-align:baseline;text-decoration-skip-ink:none;font-size:14pt;font-family:\"Courier New\";font-style:normal}.c29{font-weight:400;text-decoration:none;vertical-align:baseline;font-size:26pt;font-family:\"Courier New\";font-style:normal}.c26{color:#000000;font-weight:400;text-decoration:none;vertical-align:baseline;font-size:11pt;font-family:\"Arial\";font-style:normal}.c25{padding-top:18pt;padding-bottom:6pt;line-height:1.15;page-break-after:avoid;orphans:2;widows:2;text-align:center}.c12{-webkit-text-decoration-skip:none;font-weight:400;text-decoration:underline;text-decoration-skip-ink:none;font-size:12pt;font-family:\"Courier New\"}.c10{-webkit-text-decoration-skip:none;color:#94b5d4;font-weight:400;text-decoration:underline;text-decoration-skip-ink:none;font-size:12pt;font-family:\"Courier New\"}.c28{font-weight:400;text-decoration:none;vertical-align:baseline;font-size:25pt;font-family:\"Courier New\";font-style:normal}.c1{font-weight:400;text-decoration:none;vertical-align:baseline;font-size:12pt;font-family:\"Courier New\";font-style:normal}.c0{padding-top:18pt;padding-bottom:6pt;line-height:1.15;page-break-after:avoid;orphans:2;widows:2;text-align:left}.c17{font-weight:700;text-decoration:none;vertical-align:baseline;font-size:12pt;font-family:\"Courier New\";font-style:normal}.c20{-webkit-text-decoration-skip:none;color:#9fc5e8;font-weight:400;text-decoration:underline;text-decoration-skip-ink:none;font-size:12pt;font-family:\"Courier New\"}.c32{padding-top:0pt;padding-bottom:3pt;line-height:1.15;page-break-after:avoid;orphans:2;widows:2;text-align:left}.c13{font-weight:400;text-decoration:none;vertical-align:baseline;font-size:16pt;font-family:\"Courier New\";font-style:normal}.c31{padding-top:0pt;padding-bottom:0pt;line-height:1.15;orphans:2;widows:2;text-align:right}.c4{padding-top:0pt;padding-bottom:0pt;line-height:1.15;orphans:2;widows:2;text-align:left}.c14{padding-top:0pt;padding-bottom:0pt;line-height:1.15;orphans:2;widows:2;text-align:center}.c3{padding-top:0pt;padding-bottom:0pt;line-height:1.0;text-align:center}.c2{font-size:12pt;font-family:\"Courier New\";color:#a4c2f4;font-weight:400}.c5{padding-top:0pt;padding-bottom:0pt;line-height:1.0;text-align:left}.c27{margin-left:auto;border-spacing:0;border-collapse:collapse;margin-right:auto}.c21{font-size:12pt;font-family:\"Courier New\";font-weight:400}.c22{background-color:#434343;max-width:451.4pt;padding:72pt 72pt 72pt 72pt}.c30{-webkit-text-decoration-skip:none;text-decoration:underline;text-decoration-skip-ink:none}.c11{margin-left:72pt;padding-left:0pt}.c6{padding:0;margin:0}.c8{color:inherit;text-decoration:inherit}.c7{margin-left:36pt;padding-left:0pt}.c24{margin-left:72pt}.c9{height:11pt}.c19{height:0pt}.c18{margin-left:36pt}.title{padding-top:0pt;color:#000000;font-size:26pt;padding-bottom:3pt;font-family:\"Arial\";line-height:1.15;page-break-after:avoid;orphans:2;widows:2;text-align:left}.subtitle{padding-top:0pt;color:#666666;font-size:15pt;padding-bottom:16pt;font-family:\"Arial\";line-height:1.15;page-break-after:avoid;orphans:2;widows:2;text-align:left}li{color:#000000;font-size:11pt;font-family:\"Arial\"}p{margin:0;color:#000000;font-size:11pt;font-family:\"Arial\"}h1{padding-top:20pt;color:#000000;font-size:20pt;padding-bottom:6pt;font-family:\"Arial\";line-height:1.15;page-break-after:avoid;orphans:2;widows:2;text-align:left}h2{padding-top:18pt;color:#000000;font-size:16pt;padding-bottom:6pt;font-family:\"Arial\";line-height:1.15;page-break-after:avoid;orphans:2;widows:2;text-align:left}h3{padding-top:16pt;color:#434343;font-size:14pt;padding-bottom:4pt;font-family:\"Arial\";line-height:1.15;page-break-after:avoid;orphans:2;widows:2;text-align:left}h4{padding-top:14pt;color:#666666;font-size:12pt;padding-bottom:4pt;font-family:\"Arial\";line-height:1.15;page-break-after:avoid;orphans:2;widows:2;text-align:left}h5{padding-top:12pt;color:#666666;font-size:11pt;padding-bottom:4pt;font-family:\"Arial\";line-height:1.15;page-break-after:avoid;orphans:2;widows:2;text-align:left}h6{padding-top:12pt;color:#666666;font-size:11pt;padding-bottom:4pt;font-family:\"Arial\";line-height:1.15;page-break-after:avoid;font-style:italic;orphans:2;widows:2;text-align:left}\r\n</style>\r\n\r\n<p class=\"c4 c9\">\r\n  <span class=\"c28\"></span>\r\n</p>\r\n\r\n<p class=\"c4\">\r\n  <span class=\"c1\">Hello, thank you for joining SunCTF 2024. This is the first CTF hosted by the Sunway Cyber Security Club (CSC); we hope you\u2019ll enjoy it :)</span>\r\n</p>\r\n\r\n<p class=\"c4 c9\">\r\n  <span class=\"c1\"></span>\r\n</p>\r\n\r\n<h2 class=\"c0 fw-bold\" id=\"h.7nvb43efwhcu\">\r\n  <span class=\"c13\">Is this your first CTF?</span>\r\n</h2>\r\n\r\n<p class=\"c4\">\r\n  <span class=\"c1\">You may want to know a few things about the CTF format first before jumping in. CTF stands for \u2018Capture The Flag\u2019. In CTFs, you will be given a set of challenges to solve. Each challenge will give you a flag as a reward for solving it. A flag usually looks like this:</span>\r\n</p>\r\n\r\n<p class=\"c4 c9\">\r\n  <span class=\"c1\"></span>\r\n</p>\r\n\r\n<p class=\"c14 my-3 col-md-6 offset-md-3\">\r\n  <span class=\"c17\">sunctf{example_flag}</span>\r\n</p>\r\n\r\n<p class=\"c14 c9\">\r\n  <span class=\"c1\"></span>\r\n</p>\r\n\r\n<p class=\"c4\">\r\n  <span class=\"c1\">Submitting a flag will give you a certain amount of points. The harder the challenge, the more points you\u2019ll get. In a CTF, the goal is to get the most points possible.</span>\r\n</p>\r\n\r\n<h2 class=\"c0\" id=\"h.71098j5mkvb9\">\r\n  <span class=\"c13\">What are the rules for this CTF?</span>\r\n</h2>\r\n\r\n<div>\r\n  <ol class=\"c6 lst-kix_81wvwly7cafl-0 start my-1\" start=\"1\">\r\n    <li class=\"c4 c7 li-bullet-0\">\r\n      <span class=\"c1\">You are allowed to form teams of up to 3 people. Yes, that means you may participate alone if you wish to.</span>\r\n    </li>\r\n  </ol>\r\n\r\n  <ol class=\"c6 lst-kix_81wvwly7cafl-0 my-1\" start=\"2\">\r\n    <li class=\"c4 c7 li-bullet-0\">\r\n      <span class=\"c21\">You are\r\n      </span>\r\n      <span class=\"c12\">not allowed</span>\r\n      <span class=\"c1\">&nbsp;to share flags with other teams. If you are caught sharing flags, you will be kicked out.</span>\r\n    </li>\r\n  </ol>\r\n\r\n  <ol class=\"c6 lst-kix_81wvwly7cafl-0 my-1\" start=\"3\">\r\n    <li class=\"c4 c7 li-bullet-0\">\r\n      <span class=\"c21\">You are\r\n      </span>\r\n      <span class=\"c12\">not allowed</span>\r\n      <span class=\"c1\">&nbsp;to publicly discuss how to solve challenges with other teams.\r\n      </span>\r\n    </li>\r\n  </ol>\r\n\r\n  <ol class=\"c6 lst-kix_81wvwly7cafl-0 my-1\" start=\"4\">\r\n    <li class=\"c4 c7 li-bullet-0\">\r\n      <span class=\"c21\">You are\r\n      </span>\r\n      <span class=\"c12\">not allowed</span>\r\n      <span class=\"c21\">&nbsp;to DDOS the CTF hosting platform, or sabotage other participants. If you think you\u2019ve found a vulnerability in our CTF infrastructure, please write and submit a bug report to us at\r\n      </span>\r\n      <span class=\"c2 c30\">\r\n        <a class=\"c8\" href=\"mailto:csc.sunway@gmail.com\">csc.sunway@gmail.com</a>\r\n      </span>\r\n      <span class=\"c2\">.\r\n      </span>\r\n      <span class=\"c1\">Valid bugs will be rewarded.</span>\r\n    </li>\r\n  </ol>\r\n\r\n  <ol class=\"c6 lst-kix_81wvwly7cafl-0 my-1\" start=\"5\">\r\n    <li class=\"c4 c7 li-bullet-0\">\r\n      <span class=\"c1\">You are allowed to ask for hints from the event assistants/challenge author. Whether we answer or not is up to us (we won\u2019t just give you the flag!).</span>\r\n    </li>\r\n  </ol>\r\n\r\n  <ol class=\"c6 lst-kix_81wvwly7cafl-0 my-1\" start=\"6\">\r\n    <li class=\"c4 c7 li-bullet-0\">\r\n      <span class=\"c1\">If you think there is a technical problem with a challenge, please message the challenge author on discord. You can find the author\u2019s username on each question.</span>\r\n    </li>\r\n  </ol>\r\n\r\n  <ol class=\"c6 lst-kix_81wvwly7cafl-0 my-1\" start=\"7\">\r\n    <li class=\"c4 c7 li-bullet-0\">\r\n      <span class=\"c1\">Have fun and make friends!</span>\r\n    </li>\r\n  </ol>\r\n</div>\r\n\r\n<p class=\"c4 c9\">\r\n  <span class=\"c1\"></span>\r\n</p>\r\n\r\n<h2 class=\"c0\" id=\"h.he3bit50y6a1\">\r\n  <span class=\"c13\">What\u2019s the schedule for this CTF?</span>\r\n</h2>\r\n\r\n<p class=\"c4 c9\">\r\n  <span class=\"c1\"></span>\r\n</p>\r\n\r\n<div class=\"c14 my-3 col-md-6 offset-md-3\">\r\n  <table class=\"c27\">\r\n    <tbody>\r\n      <tr class=\"c19\">\r\n        <td class=\"c16\" colspan=\"1\" rowspan=\"1\">\r\n          <p class=\"c3\">\r\n            <span class=\"c17\">Time</span>\r\n          </p>\r\n        </td>\r\n        <td class=\"c15\" colspan=\"1\" rowspan=\"1\">\r\n          <p class=\"c3\">\r\n            <span class=\"c17\">Event</span>\r\n          </p>\r\n        </td>\r\n      </tr>\r\n      <tr class=\"c19\">\r\n        <td class=\"c16\" colspan=\"1\" rowspan=\"1\">\r\n          <p class=\"c5\">\r\n            <span class=\"c1\">9:00 AM\r\n            </span>\r\n          </p>\r\n        </td>\r\n        <td class=\"c15\" colspan=\"1\" rowspan=\"1\">\r\n          <p class=\"c5\">\r\n            <span class=\"c1\">Opening Ceremony</span>\r\n          </p>\r\n        </td>\r\n      </tr>\r\n      <tr class=\"c19\">\r\n        <td class=\"c16\" colspan=\"1\" rowspan=\"1\">\r\n          <p class=\"c5\">\r\n            <span class=\"c1\">9:30 AM</span>\r\n          </p>\r\n        </td>\r\n        <td class=\"c15\" colspan=\"1\" rowspan=\"1\">\r\n          <p class=\"c5\">\r\n            <span class=\"c1\">Preparation and Troubleshooting</span>\r\n          </p>\r\n        </td>\r\n      </tr>\r\n      <tr class=\"c19\">\r\n        <td class=\"c16\" colspan=\"1\" rowspan=\"1\">\r\n          <p class=\"c5\">\r\n            <span class=\"c1\">10:00 AM</span>\r\n          </p>\r\n        </td>\r\n        <td class=\"c15\" colspan=\"1\" rowspan=\"1\">\r\n          <p class=\"c5\">\r\n            <span class=\"c1\">Competition begins</span>\r\n          </p>\r\n        </td>\r\n      </tr>\r\n      <tr class=\"c19\">\r\n        <td class=\"c16\" colspan=\"1\" rowspan=\"1\">\r\n          <p class=\"c5\">\r\n            <span class=\"c1\">12:00 NN</span>\r\n          </p>\r\n        </td>\r\n        <td class=\"c15\" colspan=\"1\" rowspan=\"1\">\r\n          <p class=\"c5\">\r\n            <span class=\"c1\">Lunch break begins</span>\r\n          </p>\r\n        </td>\r\n      </tr>\r\n      <tr class=\"c19\">\r\n        <td class=\"c16\" colspan=\"1\" rowspan=\"1\">\r\n          <p class=\"c5\">\r\n            <span class=\"c1\">1:00 PM</span>\r\n          </p>\r\n        </td>\r\n        <td class=\"c15\" colspan=\"1\" rowspan=\"1\">\r\n          <p class=\"c5\">\r\n            <span class=\"c1\">Lunch break ends</span>\r\n          </p>\r\n        </td>\r\n      </tr>\r\n      <tr class=\"c19\">\r\n        <td class=\"c16\" colspan=\"1\" rowspan=\"1\">\r\n          <p class=\"c5\">\r\n            <span class=\"c1\">4:00 PM</span>\r\n          </p>\r\n        </td>\r\n        <td class=\"c15\" colspan=\"1\" rowspan=\"1\">\r\n          <p class=\"c5\">\r\n            <span class=\"c1\">Competition ends\r\n            </span>\r\n          </p>\r\n        </td>\r\n      </tr>\r\n      <tr class=\"c19\">\r\n        <td class=\"c16\" colspan=\"1\" rowspan=\"1\">\r\n          <p class=\"c5\">\r\n            <span class=\"c1\">4:20 PM</span>\r\n          </p>\r\n        </td>\r\n        <td class=\"c15\" colspan=\"1\" rowspan=\"1\">\r\n          <p class=\"c5\">\r\n            <span class=\"c1\">Awards ceremony</span>\r\n          </p>\r\n        </td>\r\n      </tr>\r\n      <tr class=\"c19\">\r\n        <td class=\"c16\" colspan=\"1\" rowspan=\"1\">\r\n          <p class=\"c5\">\r\n            <span class=\"c1\">5:00 PM</span>\r\n          </p>\r\n        </td>\r\n        <td class=\"c15\" colspan=\"1\" rowspan=\"1\">\r\n          <p class=\"c5\">\r\n            <span class=\"c1\">Event ends</span>\r\n          </p>\r\n        </td>\r\n      </tr>\r\n    </tbody>\r\n  </table>\r\n</div>\r\n<p class=\"c4 c9\">\r\n  <span class=\"c1\"></span>\r\n</p>\r\n<p class=\"c4 c9\">\r\n  <span class=\"c1\"></span>\r\n</p>\r\n<h2 class=\"c0\" id=\"h.bqfnkc1tvjp0\">\r\n  <span class=\"c13\">How do I prepare for a CTF?</span>\r\n</h2>\r\n<p class=\"c4\">\r\n  <span class=\"c1\">Most importantly bring yourself, your laptop, and your charger. There is an allocated lunch break, and we will provide lunch if you\u2019ve opted in for it in the registration form.</span>\r\n</p>\r\n<p class=\"c4 c9\">\r\n  <span class=\"c1\"></span>\r\n</p>\r\n<p class=\"c4\">\r\n  <span class=\"c1\">On your laptop, it\u2019s highly recommended to have a Linux virtual machine installed. You are also recommended to have your tools installed before the competition. We recommend using Kali Linux, but any other distribution should still work.</span>\r\n</p>\r\n<p class=\"c4 c9\">\r\n  <span class=\"c1\"></span>\r\n</p>\r\n<h2 class=\"c0\" id=\"h.203633geia70\">\r\n  <span class=\"c13\">General Tips</span>\r\n</h2>\r\n<ol class=\"c6 lst-kix_nz6vytbls7xl-0 start  my-1\" start=\"1\">\r\n  <li class=\"c4 c7 li-bullet-0\">\r\n    <span class=\"c21\">Read each challenge title and its description\r\n    </span>\r\n    <span class=\"c12\">carefully.</span>\r\n    <span class=\"c1\">&nbsp;Authors will often hide hints and clues there.</span>\r\n  </li>\r\n</ol>\r\n<ol class=\"c6 lst-kix_nz6vytbls7xl-0  my-1\" start=\"2\">\r\n  <li class=\"c4 c7 li-bullet-0\">\r\n    <span class=\"c1\">You are encouraged to use Google to figure out how to solve challenges.</span>\r\n  </li>\r\n</ol>\r\n<ol class=\"c6 lst-kix_nz6vytbls7xl-0  my-1\" start=\"3\">\r\n  <li class=\"c4 c7 li-bullet-0\">\r\n    <span class=\"c1\">Questions are related to their categories. E.g. If you\u2019re solving a cryptography challenge, don\u2019t expect to use nmap.</span>\r\n  </li>\r\n</ol>\r\n<ol class=\"c6 lst-kix_nz6vytbls7xl-0 my-1\" start=\"4\">\r\n  <li class=\"c4 c7 li-bullet-0\">\r\n    <span class=\"c1\">If you\u2019re stuck on a challenge, talk to your teammates about it. Having a fresh perspective, or even speaking about it out loud may help.</span>\r\n  </li>\r\n</ol>\r\n<ol class=\"c6 lst-kix_nz6vytbls7xl-0  my-1\" start=\"5\">\r\n  <li class=\"c4 c7 li-bullet-0\">\r\n    <span class=\"c1\">On the flipside, to maximise your points you may want to assign team members to specific categories, so that each person is working on a different question.</span>\r\n    <span class=\"c21\">You may find more information about categories at\r\n    </span>\r\n    <span class=\"c20\">\r\n      <a class=\"c8\" href=\"https://www.google.com/url?q=https://ctf101.org/&amp;sa=D&amp;source=editors&amp;ust=1728026748330994&amp;usg=AOvVaw0emorXfjcOxBRM92f8XDq5\">https://ctf101.org/</a>\r\n    </span>\r\n    <span class=\"c1\">. The 5 categories in this CTF are:</span></span>\r\n  </li>\r\n</ol>\r\n<ol class=\"c6 lst-kix_nz6vytbls7xl-1 start py-1\" start=\"1\">\r\n  <li class=\"c4 c11 li-bullet-0\">\r\n    <span class=\"c1\">Forensics</span>\r\n  </li>\r\n  <li class=\"c4 c11 li-bullet-0\">\r\n    <span class=\"c1\">Cryptography</span>\r\n  </li>\r\n  <li class=\"c4 c11 li-bullet-0\">\r\n    <span class=\"c1\">Web Exploitation</span>\r\n  </li>\r\n  <li class=\"c4 c11 li-bullet-0\">\r\n    <span class=\"c1\">Reverse Engineering</span>\r\n  </li>\r\n  <li class=\"c4 c11 li-bullet-0\">\r\n    <span class=\"c1\">Misc</span>\r\n  </li>\r\n</ol>\r\n<p class=\"c4 c24 c9\">\r\n  <span class=\"c1\"></span>\r\n</p>\r\n<ol class=\"c6 lst-kix_nz6vytbls7xl-0  my-1\" start=\"6\">\r\n  <li class=\"c4 c7 li-bullet-0\">\r\n    <span class=\"c21\">Join the CSC discord (</span>\r\n    <span class=\"c10\">\r\n      <a class=\"c8\" href=\"https://www.google.com/url?q=https://discord.gg/ep7xef3m64&amp;sa=D&amp;source=editors&amp;ust=1728026748331670&amp;usg=AOvVaw3C5qnnIoCoKhO9zsV2RAAV\">https://discord.gg/ep7xef3m64</a>\r\n    </span>\r\n    <span class=\"c1\">) and pay attention to any announcements. Hints may be released as the competition progresses.</span>\r\n  </li>\r\n</ol>\r\n\r\n<h2 class=\"c0\" id=\"h.clm5m1fky4i6\">\r\n  <span class=\"c13\">Technical Tips</span>\r\n</h2>\r\n\r\n<ol class=\"c6 lst-kix_qosp76e74x4k-0 start\" start=\"1\">\r\n  <li class=\"c4 c7 li-bullet-0\">\r\n    <span class=\"c1\">Learn some basic Linux commands beforehand. Some commands you should know are cd, grep, unzip, man, cat, and strings.</span>\r\n  </li>\r\n</ol>\r\n<p class=\"c4 c9 c18\">\r\n  <span class=\"c1\"></span>\r\n</p>\r\n<ol class=\"c6 lst-kix_qosp76e74x4k-0\" start=\"2\">\r\n  <li class=\"c4 c7 li-bullet-0\">\r\n    <span class=\"c21\">You should do practise challenges to brush up on your skills before the competition. A good place to start is\r\n    </span>\r\n    <span class=\"c10\">\r\n      <a class=\"c8\" href=\"https://www.google.com/url?q=https://play.picoctf.org/practice&amp;sa=D&amp;source=editors&amp;ust=1728026748332603&amp;usg=AOvVaw1OpvRAKT7EhoG62iMhycmt\">https://play.picoctf.org/practice</a>\r\n    </span>\r\n  </li>\r\n</ol>\r\n<p class=\"c4 c9 c18\">\r\n  <span class=\"c1\"></span>\r\n</p>\r\n<ol class=\"c6 lst-kix_qosp76e74x4k-0\" start=\"3\">\r\n  <li class=\"c4 c7 li-bullet-0\">\r\n    <span class=\"c21\">If you don\u2019t know how to solve a practice challenge, you can google \u2018&lt;name_of_challenge&gt; writeup\u2019 or \u2018&lt;name_of_challenge&gt; walkthrough\u2019 (This won\u2019t work for the actual CTF, though :P).</span>\r\n  </li>\r\n</ol>\r\n<p class=\"c4 c9\">\r\n  <span class=\"c1\"></span>\r\n</p>\r\n<h2 class=\"c0\" id=\"h.9a8on6w7v09j\">\r\n  <span class=\"c13\">Post-CTF recommendations</span>\r\n</h2>\r\n<p class=\"c4\">\r\n  <span class=\"c21\">After the event, you\u2019re allowed to talk to other teams about how you solved challenges. We encourage you to make\r\n  </span>\r\n  <span class=\"c21\">writeups</span>\r\n  <span class=\"c21\">&nbsp;for challenges; writeups are walkthroughs on how to solve challenges. It\u2019s common for CTF players to publish\r\n  </span>\r\n  <span class=\"c21\">writeups</span>\r\n  <span class=\"c1\">&nbsp;on their blogs to show off their skills.\r\n  </span>\r\n</p>\r\n<p class=\"c4 c9\">\r\n  <span class=\"c1\"></span>\r\n</p>\r\n<p class=\"c4\">\r\n  <span class=\"c21\">You are encouraged to take pictures of your CTF experience and post about it online. We recommend LinkedIn, as showing employers that you participate in CTFs lets them know that you have strong hands-on hacking skills. If you tag our club page (</span>\r\n  <span class=\"c20\">\r\n    <a class=\"c8\" href=\"https://www.google.com/url?q=https://www.linkedin.com/company/csc-sunway/&amp;sa=D&amp;source=editors&amp;ust=1728026748334189&amp;usg=AOvVaw0hOImNxSwz18X-sjMkRzFz\">https://www.linkedin.com/company/csc-sunway/</a>\r\n  </span>\r\n  <span class=\"c1\">), we will try and help to promote you.\r\n  </span>\r\n</p>\r\n<p class=\"c4 c9\">\r\n  <span class=\"c1\"></span>\r\n</p>\r\n<p class=\"c4\">\r\n  <span class=\"c1\">Finally, please continue to join other CTFs and learn more. The ultimate objective for this event is to get you interested in hacking and CTFs. You may find upcoming CTFs on CTFTime or LinkedIn.\r\n  </span>\r\n</p>\r\n\r\n<h2 class=\"c25\" id=\"h.xqcph2bzmbik\" style=\"text-align: left;\">\r\n  <span class=\"c13\">Special thanks</span>\r\n</h2>\r\n\r\n<p class=\"c14 my-1 col-md-8 offset-md-2 pb-1\">\r\n  <span class=\"c1 mx-1\" style=\"font-size: 24px;\">Firmus</span> \u2022 \r\n  <span class=\"c1 mx-1\" style=\"font-size: 24px;\">Glocomp</span>\r\n</p>\r\n\r\n<p class=\"c14 my-1 col-md-8 offset-md-2\">\r\n  <span class=\"c1 mx-1\">Nathan Pereira</span> \u2022 \r\n  <span class=\"c1 mx-1\">SuperTsumu</span> \u2022 \r\n  <span class=\"c1 mx-1\">Shen</span> \u2022 \r\n  <span class=\"c1 mx-1\">Warlocksmurf</span>\r\n</p>\r\n\r\n<p class=\"c14 my-1 col-md-8 offset-md-2 py-1\">\r\n  <span class=\"c1 mx-1\">The CSC Committee</span>\r\n</p>\r\n\r\n<p class=\"c14 my-1 col-md-8 offset-md-2 py-1 ml-auto mr-0\" style=\"text-align: right;\">\r\n  <span class=\"c4 mt-2 ml-auto\">\r\n    <d class=\"c1 text-muted\" style=\"font-size: 12px;\">(in alphabetical order)</d>\r\n  </span>\r\n</p>\r\n","draft":0,"hidden":0,"auth_required":0,"format":"html","link_target":null},{"id":2,"title":"_","route":"auto-reload","content":"\r\n<iframe src=\"https://0efb6.eu.org/scoreboard#scoreboard\" style=\"height:1000px; width:100%;\">\r\n  \r\n</iframe>\r\n\r\n<script>\r\n setInterval(function() {\r\n   window.location.reload();\r\n }, 10_000);\r\n</script>","draft":0,"hidden":0,"auth_required":1,"format":"html","link_target":null}],"meta":{}}