{"count":302,"results":[{"id":12,"challenge_id":9,"user_id":1,"team_id":1},{"id":13,"challenge_id":11,"user_id":1,"team_id":1},{"id":14,"challenge_id":10,"user_id":1,"team_id":1},{"id":15,"challenge_id":12,"user_id":1,"team_id":1},{"id":16,"challenge_id":13,"user_id":1,"team_id":1},{"id":17,"challenge_id":14,"user_id":1,"team_id":1},{"id":18,"challenge_id":15,"user_id":1,"team_id":1},{"id":19,"challenge_id":48,"user_id":1,"team_id":1},{"id":20,"challenge_id":16,"user_id":1,"team_id":1},{"id":22,"challenge_id":20,"user_id":1,"team_id":1},{"id":23,"challenge_id":21,"user_id":1,"team_id":1},{"id":24,"challenge_id":22,"user_id":1,"team_id":1},{"id":25,"challenge_id":23,"user_id":1,"team_id":1},{"id":26,"challenge_id":24,"user_id":1,"team_id":1},{"id":27,"challenge_id":26,"user_id":1,"team_id":1},{"id":28,"challenge_id":25,"user_id":1,"team_id":1},{"id":29,"challenge_id":27,"user_id":1,"team_id":1},{"id":30,"challenge_id":19,"user_id":1,"team_id":1},{"id":31,"challenge_id":28,"user_id":1,"team_id":1},{"id":32,"challenge_id":18,"user_id":1,"team_id":1},{"id":33,"challenge_id":29,"user_id":1,"team_id":1},{"id":34,"challenge_id":30,"user_id":1,"team_id":1},{"id":35,"challenge_id":31,"user_id":1,"team_id":1},{"id":36,"challenge_id":32,"user_id":1,"team_id":1},{"id":37,"challenge_id":33,"user_id":1,"team_id":1},{"id":38,"challenge_id":35,"user_id":1,"team_id":1},{"id":39,"challenge_id":36,"user_id":1,"team_id":1},{"id":40,"challenge_id":39,"user_id":1,"team_id":1},{"id":41,"challenge_id":34,"user_id":1,"team_id":1},{"id":42,"challenge_id":37,"user_id":1,"team_id":1},{"id":43,"challenge_id":50,"user_id":1,"team_id":1},{"id":44,"challenge_id":40,"user_id":1,"team_id":1},{"id":45,"challenge_id":2,"user_id":1,"team_id":1},{"id":46,"challenge_id":51,"user_id":1,"team_id":1},{"id":47,"challenge_id":3,"user_id":1,"team_id":1},{"id":48,"challenge_id":5,"user_id":1,"team_id":1},{"id":49,"challenge_id":6,"user_id":1,"team_id":1},{"id":50,"challenge_id":8,"user_id":1,"team_id":1},{"id":51,"challenge_id":43,"user_id":1,"team_id":1},{"id":55,"challenge_id":44,"user_id":1,"team_id":1},{"id":56,"challenge_id":47,"user_id":1,"team_id":1},{"id":57,"challenge_id":45,"user_id":1,"team_id":1},{"id":58,"challenge_id":46,"user_id":1,"team_id":1},{"id":60,"challenge_id":42,"user_id":1,"team_id":1},{"id":61,"challenge_id":38,"user_id":1,"team_id":1},{"id":62,"challenge_id":41,"user_id":1,"team_id":1},{"id":63,"challenge_id":48,"user_id":41,"team_id":18},{"id":66,"challenge_id":10,"user_id":11,"team_id":4},{"id":67,"challenge_id":43,"user_id":22,"team_id":10},{"id":72,"challenge_id":48,"user_id":37,"team_id":16},{"id":73,"challenge_id":10,"user_id":43,"team_id":22},{"id":74,"challenge_id":16,"user_id":38,"team_id":16},{"id":76,"challenge_id":10,"user_id":33,"team_id":15},{"id":77,"challenge_id":43,"user_id":21,"team_id":22},{"id":78,"challenge_id":48,"user_id":19,"team_id":8},{"id":80,"challenge_id":44,"user_id":22,"team_id":10},{"id":81,"challenge_id":2,"user_id":6,"team_id":3},{"id":86,"challenge_id":2,"user_id":17,"team_id":7},{"id":87,"challenge_id":48,"user_id":24,"team_id":12},{"id":89,"challenge_id":43,"user_id":10,"team_id":4},{"id":91,"challenge_id":51,"user_id":17,"team_id":7},{"id":95,"challenge_id":51,"user_id":7,"team_id":3},{"id":97,"challenge_id":48,"user_id":27,"team_id":13},{"id":98,"challenge_id":2,"user_id":29,"team_id":13},{"id":99,"challenge_id":51,"user_id":34,"team_id":15},{"id":100,"challenge_id":51,"user_id":29,"team_id":13},{"id":103,"challenge_id":12,"user_id":33,"team_id":15},{"id":105,"challenge_id":43,"user_id":26,"team_id":12},{"id":106,"challenge_id":43,"user_id":19,"team_id":8},{"id":108,"challenge_id":45,"user_id":22,"team_id":10},{"id":109,"challenge_id":34,"user_id":21,"team_id":22},{"id":110,"challenge_id":2,"user_id":37,"team_id":16},{"id":112,"challenge_id":51,"user_id":37,"team_id":16},{"id":114,"challenge_id":2,"user_id":20,"team_id":8},{"id":115,"challenge_id":10,"user_id":37,"team_id":16},{"id":116,"challenge_id":51,"user_id":20,"team_id":8},{"id":117,"challenge_id":16,"user_id":22,"team_id":10},{"id":118,"challenge_id":2,"user_id":14,"team_id":6},{"id":121,"challenge_id":48,"user_id":34,"team_id":15},{"id":122,"challenge_id":2,"user_id":39,"team_id":17},{"id":123,"challenge_id":51,"user_id":14,"team_id":6},{"id":124,"challenge_id":34,"user_id":24,"team_id":12},{"id":126,"challenge_id":34,"user_id":42,"team_id":18},{"id":127,"challenge_id":2,"user_id":33,"team_id":15},{"id":130,"challenge_id":10,"user_id":19,"team_id":8},{"id":132,"challenge_id":51,"user_id":39,"team_id":17},{"id":136,"challenge_id":12,"user_id":19,"team_id":8},{"id":137,"challenge_id":34,"user_id":36,"team_id":16},{"id":138,"challenge_id":34,"user_id":15,"team_id":6},{"id":139,"challenge_id":43,"user_id":42,"team_id":18},{"id":140,"challenge_id":48,"user_id":6,"team_id":3},{"id":143,"challenge_id":5,"user_id":14,"team_id":6},{"id":150,"challenge_id":10,"user_id":6,"team_id":3},{"id":153,"challenge_id":10,"user_id":29,"team_id":13},{"id":154,"challenge_id":2,"user_id":43,"team_id":22},{"id":161,"challenge_id":10,"user_id":14,"team_id":6},{"id":163,"challenge_id":43,"user_id":6,"team_id":3},{"id":164,"challenge_id":2,"user_id":9,"team_id":4},{"id":165,"challenge_id":43,"user_id":28,"team_id":13},{"id":166,"challenge_id":51,"user_id":9,"team_id":4},{"id":167,"challenge_id":16,"user_id":21,"team_id":22},{"id":171,"challenge_id":51,"user_id":43,"team_id":22},{"id":173,"challenge_id":34,"user_id":47,"team_id":17},{"id":175,"challenge_id":12,"user_id":14,"team_id":6},{"id":179,"challenge_id":10,"user_id":47,"team_id":17},{"id":184,"challenge_id":3,"user_id":20,"team_id":8},{"id":185,"challenge_id":34,"user_id":45,"team_id":21},{"id":186,"challenge_id":18,"user_id":37,"team_id":16},{"id":187,"challenge_id":10,"user_id":24,"team_id":12},{"id":188,"challenge_id":2,"user_id":41,"team_id":18},{"id":189,"challenge_id":25,"user_id":38,"team_id":16},{"id":190,"challenge_id":51,"user_id":41,"team_id":18},{"id":192,"challenge_id":27,"user_id":21,"team_id":22},{"id":193,"challenge_id":5,"user_id":43,"team_id":22},{"id":194,"challenge_id":25,"user_id":25,"team_id":12},{"id":197,"challenge_id":3,"user_id":33,"team_id":15},{"id":198,"challenge_id":2,"user_id":22,"team_id":10},{"id":200,"challenge_id":51,"user_id":22,"team_id":10},{"id":201,"challenge_id":12,"user_id":47,"team_id":17},{"id":203,"challenge_id":12,"user_id":24,"team_id":12},{"id":206,"challenge_id":3,"user_id":21,"team_id":22},{"id":208,"challenge_id":3,"user_id":22,"team_id":10},{"id":211,"challenge_id":48,"user_id":14,"team_id":6},{"id":212,"challenge_id":5,"user_id":22,"team_id":10},{"id":214,"challenge_id":6,"user_id":22,"team_id":10},{"id":219,"challenge_id":43,"user_id":37,"team_id":16},{"id":224,"challenge_id":10,"user_id":22,"team_id":10},{"id":231,"challenge_id":11,"user_id":22,"team_id":10},{"id":233,"challenge_id":6,"user_id":38,"team_id":16},{"id":240,"challenge_id":10,"user_id":50,"team_id":24},{"id":244,"challenge_id":11,"user_id":50,"team_id":24},{"id":251,"challenge_id":20,"user_id":22,"team_id":10},{"id":256,"challenge_id":3,"user_id":38,"team_id":16},{"id":262,"challenge_id":40,"user_id":37,"team_id":16},{"id":269,"challenge_id":29,"user_id":21,"team_id":22},{"id":270,"challenge_id":5,"user_id":42,"team_id":18},{"id":275,"challenge_id":5,"user_id":17,"team_id":7},{"id":279,"challenge_id":3,"user_id":41,"team_id":18},{"id":281,"challenge_id":6,"user_id":42,"team_id":18},{"id":299,"challenge_id":11,"user_id":20,"team_id":8},{"id":300,"challenge_id":6,"user_id":43,"team_id":22},{"id":303,"challenge_id":12,"user_id":29,"team_id":13},{"id":309,"challenge_id":34,"user_id":27,"team_id":13},{"id":310,"challenge_id":3,"user_id":15,"team_id":6},{"id":311,"challenge_id":10,"user_id":42,"team_id":18},{"id":317,"challenge_id":18,"user_id":22,"team_id":10},{"id":320,"challenge_id":2,"user_id":24,"team_id":12},{"id":321,"challenge_id":44,"user_id":19,"team_id":8},{"id":322,"challenge_id":51,"user_id":24,"team_id":12},{"id":326,"challenge_id":3,"user_id":8,"team_id":3},{"id":332,"challenge_id":48,"user_id":39,"team_id":17},{"id":335,"challenge_id":21,"user_id":22,"team_id":10},{"id":340,"challenge_id":22,"user_id":22,"team_id":10},{"id":343,"challenge_id":20,"user_id":21,"team_id":22},{"id":372,"challenge_id":5,"user_id":6,"team_id":3},{"id":379,"challenge_id":26,"user_id":21,"team_id":22},{"id":386,"challenge_id":12,"user_id":7,"team_id":3},{"id":387,"challenge_id":5,"user_id":19,"team_id":8},{"id":391,"challenge_id":3,"user_id":24,"team_id":12},{"id":423,"challenge_id":12,"user_id":43,"team_id":22},{"id":426,"challenge_id":11,"user_id":6,"team_id":3},{"id":435,"challenge_id":43,"user_id":15,"team_id":6},{"id":437,"challenge_id":29,"user_id":22,"team_id":10},{"id":450,"challenge_id":30,"user_id":22,"team_id":10},{"id":451,"challenge_id":5,"user_id":37,"team_id":16},{"id":503,"challenge_id":18,"user_id":21,"team_id":22},{"id":541,"challenge_id":26,"user_id":6,"team_id":3},{"id":545,"challenge_id":19,"user_id":37,"team_id":16},{"id":548,"challenge_id":43,"user_id":33,"team_id":15},{"id":552,"challenge_id":52,"user_id":21,"team_id":22},{"id":567,"challenge_id":6,"user_id":17,"team_id":7},{"id":578,"challenge_id":4,"user_id":21,"team_id":22},{"id":585,"challenge_id":52,"user_id":14,"team_id":6},{"id":603,"challenge_id":52,"user_id":39,"team_id":17},{"id":648,"challenge_id":4,"user_id":9,"team_id":4},{"id":651,"challenge_id":3,"user_id":47,"team_id":17},{"id":663,"challenge_id":5,"user_id":10,"team_id":4},{"id":681,"challenge_id":34,"user_id":22,"team_id":10},{"id":693,"challenge_id":11,"user_id":26,"team_id":12},{"id":695,"challenge_id":44,"user_id":33,"team_id":15},{"id":697,"challenge_id":6,"user_id":9,"team_id":4},{"id":698,"challenge_id":4,"user_id":42,"team_id":18},{"id":712,"challenge_id":4,"user_id":1,"team_id":1},{"id":713,"challenge_id":12,"user_id":37,"team_id":16},{"id":714,"challenge_id":4,"user_id":39,"team_id":17},{"id":715,"challenge_id":4,"user_id":19,"team_id":8},{"id":723,"challenge_id":26,"user_id":25,"team_id":12},{"id":761,"challenge_id":52,"user_id":1,"team_id":1},{"id":763,"challenge_id":16,"user_id":11,"team_id":4},{"id":765,"challenge_id":2,"user_id":49,"team_id":24},{"id":775,"challenge_id":4,"user_id":37,"team_id":16},{"id":795,"challenge_id":4,"user_id":8,"team_id":3},{"id":803,"challenge_id":52,"user_id":7,"team_id":3},{"id":824,"challenge_id":40,"user_id":21,"team_id":22},{"id":846,"challenge_id":52,"user_id":19,"team_id":8},{"id":851,"challenge_id":9,"user_id":8,"team_id":3},{"id":853,"challenge_id":2,"user_id":45,"team_id":21},{"id":870,"challenge_id":51,"user_id":45,"team_id":21},{"id":876,"challenge_id":10,"user_id":45,"team_id":21},{"id":878,"challenge_id":5,"user_id":34,"team_id":15},{"id":882,"challenge_id":4,"user_id":27,"team_id":13},{"id":885,"challenge_id":4,"user_id":33,"team_id":15},{"id":934,"challenge_id":10,"user_id":17,"team_id":7},{"id":947,"challenge_id":3,"user_id":45,"team_id":21},{"id":954,"challenge_id":27,"user_id":22,"team_id":10},{"id":1008,"challenge_id":44,"user_id":37,"team_id":16},{"id":1021,"challenge_id":12,"user_id":45,"team_id":21},{"id":1029,"challenge_id":51,"user_id":49,"team_id":24},{"id":1034,"challenge_id":40,"user_id":24,"team_id":12},{"id":1041,"challenge_id":9,"user_id":28,"team_id":13},{"id":1054,"challenge_id":4,"user_id":22,"team_id":10},{"id":1056,"challenge_id":8,"user_id":22,"team_id":10},{"id":1083,"challenge_id":19,"user_id":9,"team_id":4},{"id":1099,"challenge_id":44,"user_id":24,"team_id":12},{"id":1101,"challenge_id":8,"user_id":33,"team_id":15},{"id":1105,"challenge_id":5,"user_id":45,"team_id":21},{"id":1108,"challenge_id":8,"user_id":19,"team_id":8},{"id":1118,"challenge_id":34,"user_id":6,"team_id":3},{"id":1120,"challenge_id":11,"user_id":37,"team_id":16},{"id":1122,"challenge_id":27,"user_id":38,"team_id":16},{"id":1174,"challenge_id":52,"user_id":26,"team_id":12},{"id":1185,"challenge_id":3,"user_id":10,"team_id":4},{"id":1199,"challenge_id":6,"user_id":27,"team_id":13},{"id":1205,"challenge_id":5,"user_id":49,"team_id":24},{"id":1219,"challenge_id":23,"user_id":22,"team_id":10},{"id":1236,"challenge_id":24,"user_id":22,"team_id":10},{"id":1241,"challenge_id":48,"user_id":17,"team_id":7},{"id":1249,"challenge_id":19,"user_id":22,"team_id":10},{"id":1257,"challenge_id":28,"user_id":22,"team_id":10},{"id":1276,"challenge_id":12,"user_id":22,"team_id":10},{"id":1287,"challenge_id":6,"user_id":26,"team_id":12},{"id":1339,"challenge_id":34,"user_id":17,"team_id":7},{"id":1340,"challenge_id":28,"user_id":38,"team_id":16},{"id":1343,"challenge_id":30,"user_id":21,"team_id":22},{"id":1345,"challenge_id":5,"user_id":26,"team_id":12},{"id":1347,"challenge_id":12,"user_id":9,"team_id":4},{"id":1350,"challenge_id":11,"user_id":17,"team_id":7},{"id":1361,"challenge_id":33,"user_id":50,"team_id":24},{"id":1364,"challenge_id":32,"user_id":21,"team_id":22},{"id":1371,"challenge_id":40,"user_id":15,"team_id":6},{"id":1380,"challenge_id":31,"user_id":21,"team_id":22},{"id":1400,"challenge_id":14,"user_id":11,"team_id":4},{"id":1417,"challenge_id":13,"user_id":9,"team_id":4},{"id":1445,"challenge_id":4,"user_id":26,"team_id":12},{"id":1454,"challenge_id":4,"user_id":50,"team_id":24},{"id":1473,"challenge_id":33,"user_id":22,"team_id":10},{"id":1476,"challenge_id":12,"user_id":42,"team_id":18},{"id":1478,"challenge_id":3,"user_id":50,"team_id":24},{"id":1491,"challenge_id":32,"user_id":22,"team_id":10},{"id":1528,"challenge_id":30,"user_id":38,"team_id":16},{"id":1558,"challenge_id":12,"user_id":49,"team_id":24},{"id":1559,"challenge_id":15,"user_id":11,"team_id":4},{"id":1576,"challenge_id":34,"user_id":50,"team_id":24},{"id":1579,"challenge_id":52,"user_id":45,"team_id":21},{"id":1665,"challenge_id":29,"user_id":37,"team_id":16},{"id":1687,"challenge_id":9,"user_id":33,"team_id":15},{"id":1699,"challenge_id":43,"user_id":39,"team_id":17},{"id":1729,"challenge_id":44,"user_id":39,"team_id":17},{"id":1737,"challenge_id":12,"user_id":17,"team_id":7},{"id":1760,"challenge_id":16,"user_id":24,"team_id":12},{"id":1761,"challenge_id":40,"user_id":22,"team_id":10},{"id":1762,"challenge_id":40,"user_id":50,"team_id":24},{"id":1804,"challenge_id":40,"user_id":6,"team_id":3},{"id":1832,"challenge_id":5,"user_id":47,"team_id":17},{"id":1849,"challenge_id":11,"user_id":34,"team_id":15},{"id":1863,"challenge_id":30,"user_id":50,"team_id":24},{"id":1866,"challenge_id":3,"user_id":27,"team_id":13},{"id":1879,"challenge_id":40,"user_id":11,"team_id":4},{"id":1886,"challenge_id":52,"user_id":17,"team_id":7},{"id":1890,"challenge_id":6,"user_id":39,"team_id":17},{"id":1891,"challenge_id":33,"user_id":21,"team_id":22},{"id":1936,"challenge_id":32,"user_id":50,"team_id":24},{"id":1948,"challenge_id":52,"user_id":34,"team_id":15},{"id":1953,"challenge_id":5,"user_id":27,"team_id":13},{"id":1994,"challenge_id":7,"user_id":37,"team_id":16},{"id":2002,"challenge_id":27,"user_id":25,"team_id":12},{"id":2005,"challenge_id":17,"user_id":21,"team_id":22},{"id":2010,"challenge_id":33,"user_id":38,"team_id":16},{"id":2017,"challenge_id":7,"user_id":50,"team_id":24},{"id":2019,"challenge_id":22,"user_id":21,"team_id":22},{"id":2024,"challenge_id":7,"user_id":22,"team_id":10},{"id":2044,"challenge_id":7,"user_id":43,"team_id":22},{"id":2056,"challenge_id":28,"user_id":21,"team_id":22},{"id":2057,"challenge_id":6,"user_id":34,"team_id":15},{"id":2064,"challenge_id":3,"user_id":18,"team_id":7},{"id":2072,"challenge_id":17,"user_id":22,"team_id":10},{"id":2075,"challenge_id":52,"user_id":27,"team_id":13},{"id":2079,"challenge_id":7,"user_id":10,"team_id":4},{"id":2087,"challenge_id":25,"user_id":21,"team_id":22},{"id":2131,"challenge_id":25,"user_id":22,"team_id":10},{"id":2145,"challenge_id":7,"user_id":15,"team_id":6},{"id":2146,"challenge_id":9,"user_id":36,"team_id":16},{"id":2148,"challenge_id":26,"user_id":22,"team_id":10},{"id":2162,"challenge_id":11,"user_id":39,"team_id":17},{"id":2169,"challenge_id":28,"user_id":25,"team_id":12},{"id":2200,"challenge_id":7,"user_id":24,"team_id":12},{"id":2201,"challenge_id":7,"user_id":34,"team_id":15},{"id":2204,"challenge_id":7,"user_id":42,"team_id":18},{"id":2228,"challenge_id":24,"user_id":21,"team_id":22},{"id":2270,"challenge_id":9,"user_id":11,"team_id":4},{"id":2291,"challenge_id":7,"user_id":19,"team_id":8},{"id":2313,"challenge_id":11,"user_id":11,"team_id":4}],"meta":{}}