{"count":23,"results":[{"id":1,"oauth_id":null,"name":"TheCSCAdminTeam","email":"csc.sunctf@gmail.com","password":"$bcrypt-sha256$v=2,t=2b,r=12$NZuDmTih4ROt1GOX9tOp1.$/fwEn.35/2VpH2XXcBpIcz/1DQEdeT6","secret":null,"website":null,"affiliation":null,"country":null,"hidden":1,"banned":0,"created":"2024-09-29T17:26:16.729041","captain_id":null,"bracket_id":null},{"id":2,"oauth_id":null,"name":"Anonymous","email":"sreeraamsatyan@gmail.com","password":"$bcrypt-sha256$v=2,t=2b,r=12$e9baV.vC7mKxUs2ajL0tn.$wxcSznYHzlhbqBn6wGNyVXiLppuFefW","secret":null,"website":null,"affiliation":null,"country":null,"hidden":1,"banned":0,"created":"2024-09-30T09:55:20.837736","captain_id":null,"bracket_id":null},{"id":3,"oauth_id":null,"name":"Spaghetti","email":"zhiaun2006@gmail.com","password":"$bcrypt-sha256$v=2,t=2b,r=12$8CRaOcGK1imB3KKPXwFq4e$04UPrPjJi23WS76OMR1YJEIbusg/MHi","secret":null,"website":null,"affiliation":null,"country":null,"hidden":0,"banned":0,"created":"2024-09-30T09:56:00.942384","captain_id":null,"bracket_id":null},{"id":4,"oauth_id":null,"name":"Existential Crises","email":"21050349@imail.sunway.edu.my","password":"$bcrypt-sha256$v=2,t=2b,r=12$JBOY28WzaVpnByd6g.n//.$yUMoV.LflROVKEWklnj82cOB1ktmb0m","secret":null,"website":null,"affiliation":null,"country":null,"hidden":0,"banned":0,"created":"2024-09-30T09:56:18.370918","captain_id":null,"bracket_id":null},{"id":5,"oauth_id":null,"name":"Team Hello World","email":"23107949@imail.sunway.edu.my","password":"$bcrypt-sha256$v=2,t=2b,r=12$8A8m4AQR.xzmwk/JFhXIz.$5wsBaPOKa61f.RPWsYe6OfIqrueJMqy","secret":null,"website":null,"affiliation":null,"country":null,"hidden":1,"banned":0,"created":"2024-09-30T09:56:36.973606","captain_id":null,"bracket_id":null},{"id":6,"oauth_id":null,"name":"Team Amehlord\u00a0\ud83e\udee1","email":"clementch730@gmail.com","password":"$bcrypt-sha256$v=2,t=2b,r=12$RdA8FbXDR9i2R1D91xE5HO$R/3IonjNsh096KaypO/JoHiEKT9SHum","secret":null,"website":null,"affiliation":null,"country":null,"hidden":0,"banned":0,"created":"2024-09-30T09:57:53.807423","captain_id":null,"bracket_id":null},{"id":7,"oauth_id":null,"name":"Chatgpt","email":"aloysiuslim1003@gmail.com","password":"$bcrypt-sha256$v=2,t=2b,r=12$6m4yNULLthybT70fYMEjqO$CzTEqxUua770MQ4IeoH3lXec0ZihZ0a","secret":null,"website":null,"affiliation":null,"country":null,"hidden":0,"banned":0,"created":"2024-09-30T09:58:11.320338","captain_id":null,"bracket_id":null},{"id":8,"oauth_id":null,"name":"Beginner","email":"21028931@imail.sunway.edu.my","password":"$bcrypt-sha256$v=2,t=2b,r=12$b1elNCZublucutyZMGHQju$WgKy7JPY/eSTbFTof9KUE.qPYQw8Aj6","secret":null,"website":null,"affiliation":null,"country":null,"hidden":0,"banned":0,"created":"2024-09-30T09:58:25.642701","captain_id":null,"bracket_id":null},{"id":10,"oauth_id":null,"name":"CTRL+SHIFT+HACKERS","email":"chaibicai@gmail.com","password":"$bcrypt-sha256$v=2,t=2b,r=12$6NNMtcRDfPjJPVvIEEQUX.$pWr/JEBLdtp4YN1dGisM9xrLFLK48xC","secret":null,"website":null,"affiliation":null,"country":null,"hidden":0,"banned":0,"created":"2024-09-30T09:59:00.897812","captain_id":null,"bracket_id":null},{"id":11,"oauth_id":null,"name":"Ricko","email":"s.raianricko@gmail.com","password":"$bcrypt-sha256$v=2,t=2b,r=12$xGDNytc8ntVcb9T1WWG9tu$vJC2LjmvOzJj2waDkl7Clio4k8v3qbC","secret":null,"website":null,"affiliation":null,"country":null,"hidden":1,"banned":0,"created":"2024-09-30T09:59:20.233854","captain_id":null,"bracket_id":null},{"id":12,"oauth_id":null,"name":"Skibidi Hackers","email":"auraaungygn@gmail.com","password":"$bcrypt-sha256$v=2,t=2b,r=12$LYAK4lLHkUz3JX5GL4ONeu$HBZXamt2FzBktuRv4/ed3vdb.814c5.","secret":null,"website":null,"affiliation":null,"country":null,"hidden":0,"banned":0,"created":"2024-09-30T10:00:18.548287","captain_id":null,"bracket_id":null},{"id":13,"oauth_id":null,"name":"Single Sigmas","email":"dariuslee7285@gmail.com","password":"$bcrypt-sha256$v=2,t=2b,r=12$KsXneOf95uYs4FJ.VbPDU.$Ed0s0gQ2Pj91Kwih4yHFJCKkDehwU8y","secret":null,"website":null,"affiliation":null,"country":null,"hidden":0,"banned":0,"created":"2024-09-30T10:01:48.728742","captain_id":null,"bracket_id":null},{"id":14,"oauth_id":null,"name":"Rookies","email":"jylliankok@gmail.con","password":"$bcrypt-sha256$v=2,t=2b,r=12$jixA8NQ35ioMu9uQjj7ZqO$ZVFwoK070paoIOb6vprkSgmX2o14Scu","secret":null,"website":null,"affiliation":null,"country":null,"hidden":1,"banned":0,"created":"2024-09-30T10:02:00.067832","captain_id":null,"bracket_id":null},{"id":15,"oauth_id":null,"name":"PlayaBonita","email":"ivanwennyung@gmail.com","password":"$bcrypt-sha256$v=2,t=2b,r=12$E0aMXCi7Lzp4.ACkz4f/HO$KsgV1KRS3Sz4uiDOvn8ahw4oCk5qlR6","secret":null,"website":null,"affiliation":null,"country":null,"hidden":0,"banned":0,"created":"2024-09-30T10:02:09.284983","captain_id":null,"bracket_id":null},{"id":16,"oauth_id":null,"name":"edgelords'); DROP TABLE SunCTF;-- \t","email":"lanishaanusri28@gmail.com","password":"$bcrypt-sha256$v=2,t=2b,r=12$fzG4d387DbJKdL7c1XRdCe$XpV9xhPLpOJ6shPvRq4VIp3iOTMbbui","secret":null,"website":null,"affiliation":null,"country":null,"hidden":0,"banned":0,"created":"2024-09-30T10:02:45.626650","captain_id":null,"bracket_id":null},{"id":17,"oauth_id":null,"name":"morpho","email":"keshnadevigoorah@gmail.com","password":"$bcrypt-sha256$v=2,t=2b,r=12$aA.u9QP/59Fdh164dPtfWe$A2g.DI4x5cF6yEh3A64VUAoBdHN2CjK","secret":null,"website":null,"affiliation":null,"country":null,"hidden":0,"banned":0,"created":"2024-09-30T10:03:10.202138","captain_id":null,"bracket_id":null},{"id":18,"oauth_id":null,"name":"print('ctfnoobs')","email":"khanren11@gmail.com","password":"$bcrypt-sha256$v=2,t=2b,r=12$.bSf9AUQZIqVx2m2lTGHqu$O7jt3mAJzFGOiBCJs9AKjG2CQFJYYPe","secret":null,"website":null,"affiliation":null,"country":null,"hidden":0,"banned":0,"created":"2024-09-30T10:03:21.155894","captain_id":null,"bracket_id":null},{"id":20,"oauth_id":null,"name":"SUNxFORENSICATORS","email":"israr.a@imail.sunway.edu.my","password":"$bcrypt-sha256$v=2,t=2b,r=12$.W0aANICiV58q..Y.hvhBe$BSYfJbrRrIcdqWbWy7sS9UjcrRTKZ1G","secret":null,"website":null,"affiliation":null,"country":null,"hidden":1,"banned":0,"created":"2024-09-30T10:03:41.791756","captain_id":null,"bracket_id":null},{"id":21,"oauth_id":null,"name":"Monkey Team","email":"20056388@imail.sunway.edu.my","password":"$bcrypt-sha256$v=2,t=2b,r=12$tCyRkRRn0mXqReEWpWkune$YGZpVtPiRBe/qKSGJxYX5MKXTN/yH72","secret":null,"website":null,"affiliation":null,"country":null,"hidden":0,"banned":0,"created":"2024-09-30T10:03:52.007525","captain_id":null,"bracket_id":null},{"id":22,"oauth_id":null,"name":"Moonway","email":"renkhai@gmail.com","password":"$bcrypt-sha256$v=2,t=2b,r=12$b.HlXilWPilGhoT.Ud/5se$tRl.K26nEhFgDMjQSE4rY0ILFmmy3Ue","secret":null,"website":null,"affiliation":null,"country":null,"hidden":0,"banned":0,"created":"2024-10-03T04:08:52.148924","captain_id":null,"bracket_id":null},{"id":23,"oauth_id":null,"name":"Pandabear30","email":"18011957@imail.sunway.edu.my","password":"$bcrypt-sha256$v=2,t=2b,r=12$dauwYYhRRc1/56cWjQTE.O$M2lWskLR3cbot.mhSt21xXy4G562Ghq","secret":null,"website":null,"affiliation":null,"country":null,"hidden":1,"banned":0,"created":"2024-10-03T04:09:48.701078","captain_id":null,"bracket_id":null},{"id":24,"oauth_id":null,"name":"Walk-Ins","email":"christopherchiazs@gmail.com","password":"$bcrypt-sha256$v=2,t=2b,r=12$uDKZc49G4ZuYlxqFylwfSO$asGdZAML8Tmbm5qXoQWnNDQtwmM4tw2","secret":null,"website":null,"affiliation":null,"country":null,"hidden":1,"banned":0,"created":"2024-10-05T02:07:49.364593","captain_id":null,"bracket_id":null},{"id":25,"oauth_id":null,"name":"vantatest","email":"vantatest@vantatest.com","password":"$bcrypt-sha256$v=2,t=2b,r=12$UjX4cbhztLtiExA6d7B0OO$nEc4jkNP.yS85ImDFvpa.1IRnztpqrG","secret":null,"website":null,"affiliation":null,"country":null,"hidden":1,"banned":0,"created":"2024-10-05T12:13:48.053942","captain_id":51,"bracket_id":null}],"meta":{}}