{"count":49,"results":[{"id":1,"oauth_id":null,"name":"csc.sunctf","password":"$bcrypt-sha256$v=2,t=2b,r=12$ndPJMfBJUF4fWYXEddWoxe$ThEzKC88sj6dKcj7vP/.H9P3/bvi45i","email":"csc.sunway@gmail.com","type":"admin","secret":null,"website":null,"affiliation":null,"country":null,"hidden":1,"banned":0,"verified":0,"team_id":1,"created":"2024-09-29T17:20:06.533277","language":null,"bracket_id":null},{"id":3,"oauth_id":null,"name":"Sreeraam A/L Satyan","password":"$bcrypt-sha256$v=2,t=2b,r=12$de18p/poOa1TUPQvLsKLk.$3Evxu.Hok4asPXtfydQNwIPW2PEp9Bu","email":"sreeraamsatyan@gmail.com","type":"user","secret":null,"website":null,"affiliation":null,"country":null,"hidden":1,"banned":0,"verified":0,"team_id":2,"created":"2024-09-30T10:05:31.659806","language":null,"bracket_id":null},{"id":4,"oauth_id":null,"name":"Mohamad Faiq Soudagar","password":"$bcrypt-sha256$v=2,t=2b,r=12$phHlId/VOiNqIHMoqAu9NO$wyBz3kQuI/hSPbmoasA71ejW/fHsEvS","email":"19087881@imail.sunway.edu.my","type":"user","secret":null,"website":null,"affiliation":null,"country":null,"hidden":1,"banned":0,"verified":0,"team_id":2,"created":"2024-09-30T10:05:48.617918","language":null,"bracket_id":null},{"id":5,"oauth_id":null,"name":"Ashar Amir","password":"$bcrypt-sha256$v=2,t=2b,r=12$w33K2Hj.ia94Cd.DXJfveO$7jFEHbpv2fthsu9O7bPC.lBVM65ukty","email":"23118474@imail.sunway.edu.my","type":"user","secret":null,"website":null,"affiliation":null,"country":null,"hidden":1,"banned":0,"verified":0,"team_id":2,"created":"2024-09-30T10:06:02.400148","language":null,"bracket_id":null},{"id":6,"oauth_id":null,"name":"TAN ZHI AUN","password":"$bcrypt-sha256$v=2,t=2b,r=12$YDZNQD5KmaBM.bnWEJXd.O$ILSR6UR4XAa5ILrSB94B8VzR4ABTX6q","email":"zhiaun2006@gmail.com","type":"user","secret":null,"website":null,"affiliation":null,"country":null,"hidden":0,"banned":0,"verified":0,"team_id":3,"created":"2024-09-30T10:06:59.948420","language":null,"bracket_id":null},{"id":7,"oauth_id":null,"name":"Jack Hii Lu Jie","password":"$bcrypt-sha256$v=2,t=2b,r=12$AHOmxmWtLMSWNy993WcZpe$zih9YJX4TxVTDRVzwlH3nHZ0AqLabtO","email":"24072092@imail.sunway.edu.my","type":"user","secret":null,"website":null,"affiliation":null,"country":null,"hidden":0,"banned":0,"verified":0,"team_id":3,"created":"2024-09-30T10:07:12.177676","language":null,"bracket_id":null},{"id":8,"oauth_id":null,"name":"Lim Zi Jing","password":"$bcrypt-sha256$v=2,t=2b,r=12$f8zA0/iok.BYlVGbw/zHie$R1Fv6abBq9fEvFZwPR0ROnRUTFnvpLa","email":"24056525@imail.sunway.edu.my","type":"user","secret":null,"website":null,"affiliation":null,"country":null,"hidden":0,"banned":0,"verified":0,"team_id":3,"created":"2024-09-30T10:07:22.648978","language":null,"bracket_id":null},{"id":9,"oauth_id":null,"name":"Michelle Lim Chee Ern","password":"$bcrypt-sha256$v=2,t=2b,r=12$ePKyC81ipNKUiI8JY6dBme$OcDepoGTUFiMhH4DoSicjrfmgzfZ.VG","email":"21050349@imail.sunway.edu.my","type":"user","secret":null,"website":null,"affiliation":null,"country":null,"hidden":0,"banned":0,"verified":0,"team_id":4,"created":"2024-09-30T10:07:32.668996","language":null,"bracket_id":null},{"id":10,"oauth_id":null,"name":" Lim Le Ying","password":"$bcrypt-sha256$v=2,t=2b,r=12$YRNQZB.x46DZHbiIUcIe5.$WvsV.dlZcWTxiD5vq8qnerJf4kbafwK","email":"21030002@imail.sunway.edu.my","type":"user","secret":null,"website":null,"affiliation":null,"country":null,"hidden":0,"banned":0,"verified":0,"team_id":4,"created":"2024-09-30T10:07:42.604756","language":null,"bracket_id":null},{"id":11,"oauth_id":null,"name":"Brandon Chow Chen Hong","password":"$bcrypt-sha256$v=2,t=2b,r=12$04BOj8O3pj8Qsdkc.Ghsie$gAYj7KZfNClN/5bE4ZLR9z3UcVVBmZW","email":"21056429@imail.sunway.edu.my","type":"user","secret":null,"website":null,"affiliation":null,"country":null,"hidden":0,"banned":0,"verified":0,"team_id":4,"created":"2024-09-30T10:07:54.540911","language":null,"bracket_id":null},{"id":12,"oauth_id":null,"name":"Chua Yu Xiang","password":"$bcrypt-sha256$v=2,t=2b,r=12$uiix2SkSWMAHOK0LaQZ4y.$cCw5ZMXfzpC5raQQXW6oTFkpVHcldEm","email":"23107949@imail.sunway.edu.my","type":"user","secret":null,"website":null,"affiliation":null,"country":null,"hidden":1,"banned":0,"verified":0,"team_id":5,"created":"2024-09-30T10:11:17.919089","language":null,"bracket_id":null},{"id":13,"oauth_id":null,"name":"Wesley Tan Wee Kiat","password":"$bcrypt-sha256$v=2,t=2b,r=12$oe2VQ6tEazD.sgH7dEXywe$sO6UNRfm.ScUE9pr7yENqNOx0yZOsPy","email":"21036413@imail.sunway.edu.my","type":"user","secret":null,"website":null,"affiliation":null,"country":null,"hidden":1,"banned":0,"verified":0,"team_id":5,"created":"2024-09-30T10:11:29.957792","language":null,"bracket_id":null},{"id":14,"oauth_id":null,"name":"Clement Chong Hoy Mun","password":"$bcrypt-sha256$v=2,t=2b,r=12$cgfwBp6GKuMqSmulirpYG.$qAHkA45octjirg6egpyZOyyJNjK.7qe","email":"clementch730@gmail.com","type":"user","secret":null,"website":null,"affiliation":null,"country":null,"hidden":0,"banned":0,"verified":0,"team_id":6,"created":"2024-09-30T10:15:54.423959","language":null,"bracket_id":null},{"id":15,"oauth_id":null,"name":"Daniel Wong Yu Heng","password":"$bcrypt-sha256$v=2,t=2b,r=12$AQkGeVIGTBh0CUT.KcLSJu$Dimgd0oiROeVhdehVJmfFE3dIZClXSi","email":"danielwyh.hello@gmail.com","type":"user","secret":null,"website":null,"affiliation":null,"country":null,"hidden":0,"banned":0,"verified":0,"team_id":6,"created":"2024-09-30T10:16:06.166886","language":null,"bracket_id":null},{"id":16,"oauth_id":null,"name":"Muhammad Amirul Aijaz","password":"$bcrypt-sha256$v=2,t=2b,r=12$aAMuNcroEJVWPfbiKthbMO$LTAZW.abJR20kZhtUj61hcUpjISqcGi","email":"Amirujaz@gmail.com","type":"user","secret":null,"website":null,"affiliation":null,"country":null,"hidden":0,"banned":0,"verified":0,"team_id":6,"created":"2024-09-30T10:16:15.724224","language":null,"bracket_id":null},{"id":17,"oauth_id":null,"name":"Aloysius Lim Ming Zhou ","password":"$bcrypt-sha256$v=2,t=2b,r=12$xsBavAlrF08Nzra7ZTk3ze$2nsIuDyPeoL6zoFZ6CdmH33LEou4lyG","email":"aloysiuslim1003@gmail.com","type":"user","secret":null,"website":null,"affiliation":null,"country":null,"hidden":0,"banned":0,"verified":0,"team_id":7,"created":"2024-09-30T10:16:55.063154","language":null,"bracket_id":null},{"id":18,"oauth_id":null,"name":"Wong Zhen Hao","password":"$bcrypt-sha256$v=2,t=2b,r=12$Z8lDxX3g74sjfcUQNURZ6.$64tgi.td3ch82yIbYk5Jo6hg4w20RF6","email":"24097107@imail.sunway.edu.my","type":"user","secret":null,"website":null,"affiliation":null,"country":null,"hidden":0,"banned":0,"verified":0,"team_id":7,"created":"2024-09-30T10:17:10.689381","language":null,"bracket_id":null},{"id":19,"oauth_id":null,"name":"Phuah Chen Han","password":"$bcrypt-sha256$v=2,t=2b,r=12$P6HenMgZ6OLgK3mS.YBa1e$oiLIM.aAkleRGI03/RM1n8xmgZ1LPfm","email":"21028931@imail.sunway.edu.my","type":"user","secret":null,"website":null,"affiliation":null,"country":null,"hidden":0,"banned":0,"verified":0,"team_id":8,"created":"2024-09-30T10:18:01.011528","language":null,"bracket_id":null},{"id":20,"oauth_id":null,"name":"Teh Wing Yi","password":"$bcrypt-sha256$v=2,t=2b,r=12$ZWR4EWef163mamdXoySNpO$iCsEdYC4rb7SrRoZcZaOipdOQEvyfT2","email":"21028709@imail.sunway.edu.my","type":"user","secret":null,"website":null,"affiliation":null,"country":null,"hidden":0,"banned":0,"verified":0,"team_id":8,"created":"2024-09-30T10:18:12.516119","language":null,"bracket_id":null},{"id":21,"oauth_id":null,"name":"Low Khai Yih","password":"$bcrypt-sha256$v=2,t=2b,r=12$8Sbi0OJiCRa/VDG0wTfF5O$TwlVb2DJFS9/CQqRVyaDDXGyAcyppiy","email":"khaiyih.low@gmail.com","type":"user","secret":null,"website":null,"affiliation":null,"country":null,"hidden":0,"banned":0,"verified":0,"team_id":22,"created":"2024-09-30T10:19:20.160336","language":null,"bracket_id":null},{"id":22,"oauth_id":null,"name":"Chai Cheng Xun","password":"$bcrypt-sha256$v=2,t=2b,r=12$Np0WMIC5dEU3C0oZ6GGglO$IiE0TD3F6L10NmF8kcmhUV.52Xb0dAi","email":"chaibicai@gmail.com","type":"user","secret":null,"website":null,"affiliation":null,"country":null,"hidden":0,"banned":0,"verified":0,"team_id":10,"created":"2024-09-30T10:19:32.487657","language":null,"bracket_id":null},{"id":23,"oauth_id":null,"name":"Shahriar Raian ","password":"$bcrypt-sha256$v=2,t=2b,r=12$Jvm5iQA5rkkzL5Vt5tLXGe$xJDga8QaFkGFsHN/IObIsLZNmhxs8o6","email":"s.raianricko@gmail.com","type":"user","secret":null,"website":null,"affiliation":null,"country":null,"hidden":1,"banned":0,"verified":0,"team_id":11,"created":"2024-09-30T10:19:43.087294","language":null,"bracket_id":null},{"id":24,"oauth_id":null,"name":"Aura Aung","password":"$bcrypt-sha256$v=2,t=2b,r=12$eoiTn.DnEeMAr6LN8a0t2e$FWP4Yvu15vZHyXnn35Hb.ipltJ/k3VO","email":"auraaungygn@gmail.com","type":"user","secret":null,"website":null,"affiliation":null,"country":"MM","hidden":0,"banned":0,"verified":0,"team_id":12,"created":"2024-09-30T10:21:36.901708","language":null,"bracket_id":null},{"id":25,"oauth_id":null,"name":"Liew Jia Jiet","password":"$bcrypt-sha256$v=2,t=2b,r=12$.4RKVl4xj.ZSFFXZoLMjke$u8b2mq0euQzDJ/NZgfKUZBxMkxgQ8Xy","email":"ljiajiet@gmail.com","type":"user","secret":null,"website":null,"affiliation":null,"country":null,"hidden":0,"banned":0,"verified":0,"team_id":12,"created":"2024-09-30T10:21:49.404833","language":null,"bracket_id":null},{"id":26,"oauth_id":null,"name":"Oliver Chin Yu Shen","password":"$bcrypt-sha256$v=2,t=2b,r=12$bHe7877Pag9S1WC1IvAO0u$1WMF.F1Xg3PtrKbFuYzf9RGEu6JOS/e","email":"oliverchinys@gmail.com","type":"user","secret":null,"website":null,"affiliation":null,"country":null,"hidden":0,"banned":0,"verified":0,"team_id":12,"created":"2024-09-30T10:21:59.377289","language":null,"bracket_id":null},{"id":27,"oauth_id":null,"name":"Lee Yee Kang","password":"$bcrypt-sha256$v=2,t=2b,r=12$MDdJZ7q9dipqReEmCkTSH.$kNZK6xfN/M1ain7X4A52cM.bX9NYHD2","email":"dariuslee7285@gmail.com","type":"user","secret":null,"website":null,"affiliation":null,"country":"MY","hidden":0,"banned":0,"verified":0,"team_id":13,"created":"2024-09-30T10:22:58.360794","language":null,"bracket_id":null},{"id":28,"oauth_id":null,"name":"Zheng Wei Xuen ","password":"$bcrypt-sha256$v=2,t=2b,r=12$P8h4oeEPG.vQnHeT1DpJke$0uGSDWGV3THd17SC5DNg8pzqNb5HrjO","email":"22007827@imail.sunway.edu.my","type":"user","secret":null,"website":null,"affiliation":null,"country":null,"hidden":0,"banned":0,"verified":0,"team_id":13,"created":"2024-09-30T10:23:08.286069","language":null,"bracket_id":null},{"id":29,"oauth_id":null,"name":"Soon Wei Zhe","password":"$bcrypt-sha256$v=2,t=2b,r=12$pDDTmwI5UzTiL6NdwazhyO$CA1WyxQxRyscd/a0hkYvAZn/D086lIu","email":"24024523@imail.sunway.edu.my","type":"user","secret":null,"website":null,"affiliation":null,"country":null,"hidden":0,"banned":0,"verified":0,"team_id":13,"created":"2024-09-30T10:23:17.312132","language":null,"bracket_id":null},{"id":30,"oauth_id":null,"name":"Jyllian Kok E-Lyse","password":"$bcrypt-sha256$v=2,t=2b,r=12$kNaqzGA/.xQnvzUhm3JjpO$Nuc.E9a3DC/hf1pr6xw4ZozNVoXjQTe","email":"jylliankok@gmail.con","type":"user","secret":null,"website":null,"affiliation":null,"country":null,"hidden":1,"banned":0,"verified":0,"team_id":14,"created":"2024-09-30T10:23:48.965343","language":null,"bracket_id":null},{"id":31,"oauth_id":null,"name":"Switha A/P Sunthara Segar","password":"$bcrypt-sha256$v=2,t=2b,r=12$KbmiHyC01l0qVjHhZPGgS.$zg4/8NMxgqFRQAbhWM6D2KfYSHxXmxC","email":"swithasegar@gmail.com","type":"user","secret":null,"website":null,"affiliation":null,"country":null,"hidden":1,"banned":0,"verified":0,"team_id":14,"created":"2024-09-30T10:23:58.672939","language":null,"bracket_id":null},{"id":32,"oauth_id":null,"name":"Sandra Leong See Mun","password":"$bcrypt-sha256$v=2,t=2b,r=12$XAWB3JE6Le7kbict/KWza.$0N9Ovqan2e6VTSH.orQZrLRo5DJAmuy","email":"21031901@imail.sunway.edu.my","type":"user","secret":null,"website":null,"affiliation":null,"country":null,"hidden":1,"banned":0,"verified":0,"team_id":14,"created":"2024-09-30T10:24:10.768981","language":null,"bracket_id":null},{"id":33,"oauth_id":null,"name":"Ng Wenn Yung","password":"$bcrypt-sha256$v=2,t=2b,r=12$itZnJZlqgo1xRQPYk8jUfe$zQGyHRyFcnXOyTjv3h93XlfMdZce4n.","email":"ivanwennyung@gmail.com","type":"user","secret":null,"website":null,"affiliation":null,"country":null,"hidden":0,"banned":0,"verified":0,"team_id":15,"created":"2024-09-30T10:24:40.858524","language":null,"bracket_id":null},{"id":34,"oauth_id":null,"name":"Lee Soon Jhing","password":"$bcrypt-sha256$v=2,t=2b,r=12$6iE2zgN6tz9QBlBMFXKtQO$noLNC0qGONO4FJRvjMk8Ge8kdI6MgIS","email":"22045538@imail.sunway.edu.my","type":"user","secret":null,"website":null,"affiliation":null,"country":null,"hidden":0,"banned":0,"verified":0,"team_id":15,"created":"2024-09-30T10:24:50.235746","language":null,"bracket_id":null},{"id":35,"oauth_id":null,"name":"Lim Hui Qing","password":"$bcrypt-sha256$v=2,t=2b,r=12$lAh2rfkATCqsSGkhpuEW3e$551IThcoJ4HMyJzU2fML77lJeb6y/Cm","email":"22097745@imail.sunway.edu.my","type":"user","secret":null,"website":null,"affiliation":null,"country":null,"hidden":0,"banned":0,"verified":0,"team_id":15,"created":"2024-09-30T10:24:59.336069","language":null,"bracket_id":null},{"id":36,"oauth_id":null,"name":"LANISHA ANUSRI A/P SARAVANAN","password":"$bcrypt-sha256$v=2,t=2b,r=12$vnXQe3AdzKmezRd79WuyRu$EHTAq2K91NqW8Z8S3AMi/SOpjYcbSsy","email":"lanishaanusri28@gmail.com","type":"user","secret":null,"website":null,"affiliation":null,"country":null,"hidden":0,"banned":0,"verified":0,"team_id":16,"created":"2024-09-30T10:25:32.185061","language":null,"bracket_id":null},{"id":37,"oauth_id":null,"name":"Choo Ting Feng","password":"$bcrypt-sha256$v=2,t=2b,r=12$o9fB9hPyCxKh.OepFzWDaO$nP0uEw5FnPTvMQ4Tyk4oQsdYBQ6r0Lm","email":"23064140@imail.sunway.edu.my","type":"user","secret":null,"website":null,"affiliation":null,"country":null,"hidden":0,"banned":0,"verified":0,"team_id":16,"created":"2024-09-30T10:25:42.593089","language":null,"bracket_id":null},{"id":38,"oauth_id":null,"name":"Chee Kai Hong","password":"$bcrypt-sha256$v=2,t=2b,r=12$MM3EZMvSM2FuIW8Qf1R0L.$I.TI6enzBr2xvmdSni977HXVv2WKkdm","email":"22112478@imail.sunway.edu.my","type":"user","secret":null,"website":null,"affiliation":null,"country":null,"hidden":0,"banned":0,"verified":0,"team_id":16,"created":"2024-09-30T10:25:51.721102","language":null,"bracket_id":null},{"id":39,"oauth_id":null,"name":"Keshna Devi Goorah","password":"$bcrypt-sha256$v=2,t=2b,r=12$vglM8i0e.sk.J0dY8gfQBe$1p67n2IDOpPJEdE0vb6hVrUNy6atBay","email":"keshnadevigoorah@gmail.com","type":"user","secret":null,"website":null,"affiliation":null,"country":null,"hidden":0,"banned":0,"verified":0,"team_id":17,"created":"2024-09-30T10:27:25.922991","language":null,"bracket_id":null},{"id":40,"oauth_id":null,"name":"Zaara Mandary","password":"$bcrypt-sha256$v=2,t=2b,r=12$2455/iMcx8wS4mGw9EUsSu$aMSIdim0GmLW.NpHlP/DJqCx/Dv3tRW","email":"Zaara.mandary@gmail.com","type":"user","secret":null,"website":null,"affiliation":null,"country":null,"hidden":0,"banned":0,"verified":0,"team_id":17,"created":"2024-09-30T10:27:35.146433","language":null,"bracket_id":null},{"id":41,"oauth_id":null,"name":"Tye Khan Ren","password":"$bcrypt-sha256$v=2,t=2b,r=12$s3MLCo9UuzQgSf8t3w6k3O$Gt1VlSiLOrFvKYTZ3bit1xDO0UQNG/i","email":"khanren11@gmail.com","type":"user","secret":null,"website":null,"affiliation":null,"country":null,"hidden":0,"banned":0,"verified":0,"team_id":18,"created":"2024-09-30T10:28:03.330004","language":null,"bracket_id":null},{"id":42,"oauth_id":null,"name":"Lai Meng Hin","password":"$bcrypt-sha256$v=2,t=2b,r=12$k0jO9m68h/ctCTU5XaYs6e$SvT/M6uvX/ppo8qoidEt3QIko6d8Pf2","email":"22011712@imail.sunway.edu.my","type":"user","secret":null,"website":null,"affiliation":null,"country":null,"hidden":0,"banned":0,"verified":0,"team_id":18,"created":"2024-09-30T10:28:14.309837","language":null,"bracket_id":null},{"id":43,"oauth_id":null,"name":"Sia Ren Khai","password":"$bcrypt-sha256$v=2,t=2b,r=12$w621Ra5WapeFSFTMABmObO$hy7fc0OUrV7UrCl5oE7Y6gtbuyqayL6","email":"renkhai@gmail.com","type":"user","secret":null,"website":null,"affiliation":null,"country":null,"hidden":0,"banned":0,"verified":0,"team_id":22,"created":"2024-09-30T10:28:37.807023","language":null,"bracket_id":null},{"id":44,"oauth_id":null,"name":"Israr Ahmad","password":"$bcrypt-sha256$v=2,t=2b,r=12$VHDIsQMLxhH.A.M2r879GO$TuLhjNWa9jrNzkoRV0V9XtkArkumHkW","email":"israr.a@imail.sunway.edu.my","type":"user","secret":null,"website":null,"affiliation":null,"country":null,"hidden":1,"banned":0,"verified":0,"team_id":20,"created":"2024-09-30T10:28:48.099639","language":null,"bracket_id":null},{"id":45,"oauth_id":null,"name":"Goh Chun Xin","password":"$bcrypt-sha256$v=2,t=2b,r=12$gb7ED7UwhcjK3n9hgVlIwO$xTsYSMTRMC08o604VPFGgbgCODAT1h2","email":"20056388@imail.sunway.edu.my","type":"user","secret":null,"website":null,"affiliation":null,"country":null,"hidden":0,"banned":0,"verified":0,"team_id":21,"created":"2024-09-30T10:28:57.331274","language":null,"bracket_id":null},{"id":47,"oauth_id":null,"name":"Abdurraheem Joomye","password":"$bcrypt-sha256$v=2,t=2b,r=12$br2YsOs/WRRN1SrkuDtaUO$zZX.cQB9.dQP1xc61XD.uo0HKY4vKpG","email":"18011957@imail.sunway.edu.my","type":"user","secret":null,"website":null,"affiliation":null,"country":null,"hidden":0,"banned":0,"verified":0,"team_id":17,"created":"2024-10-03T04:10:24.175117","language":null,"bracket_id":null},{"id":49,"oauth_id":null,"name":"Christopher Chia","password":"$bcrypt-sha256$v=2,t=2b,r=12$keD8.lMV5YLRLe7zvpSQ9e$7WrRP6n9zl1nLYVl5v5QKD/.w7TxdYS","email":"christopherchiazs@gmail.com","type":"user","secret":null,"website":null,"affiliation":null,"country":null,"hidden":0,"banned":0,"verified":0,"team_id":24,"created":"2024-10-05T02:05:41.824130","language":null,"bracket_id":null},{"id":50,"oauth_id":null,"name":"ConnerEatsJapants","password":"$bcrypt-sha256$v=2,t=2b,r=12$VThQcpSb8tqUIzk0MBciQu$CDwmPzJ0GOlyTyMryFv.p0I/FV8H8pG","email":"tasneemjohan@gmail.com","type":"user","secret":null,"website":null,"affiliation":null,"country":null,"hidden":0,"banned":0,"verified":0,"team_id":24,"created":"2024-10-05T02:09:48.067667","language":null,"bracket_id":null},{"id":51,"oauth_id":null,"name":"vantatest","password":"$bcrypt-sha256$v=2,t=2b,r=12$ZTNgZZqTa2rSpXtGxflvF.$DyTKAK/XCLVibY0acoX.km5d3KtLzkG","email":"vantatest@vantatest.com","type":"user","secret":null,"website":null,"affiliation":null,"country":null,"hidden":1,"banned":0,"verified":0,"team_id":25,"created":"2024-10-05T12:11:58.799390","language":null,"bracket_id":null},{"id":52,"oauth_id":null,"name":"shentest","password":"$bcrypt-sha256$v=2,t=2b,r=12$xRd7hHy/ygEjfFQvJjla6e$V/jIC5CJCkFKK/NGmGaoE6ZgyMuT1Ru","email":"shentest@shentest.com","type":"user","secret":null,"website":null,"affiliation":null,"country":null,"hidden":0,"banned":0,"verified":0,"team_id":25,"created":"2024-10-05T12:12:56.682371","language":null,"bracket_id":null}],"meta":{}}